zone_id,name,jurisdiction,total_jobs,cluster_jobs,median_rent
83123,"Tract 8312, BG 3",n/a,0.0,0.0,
18022,"Tract 1802, BG 2",n/a,0.0,0.0,
149012,"Tract 14901, BG 2",n/a,0.0,0.0,
191032,"Tract 19103, BG 2",n/a,0.0,0.0,
94001,"Tract 9400, BG 1",n/a,0.0,0.0,
43003,"Tract 4300, BG 3",n/a,0.0,0.0,
146021,"Tract 14602, BG 1",n/a,0.0,0.0,
13022,"Tract 1302, BG 2",n/a,0.0,0.0,
159012,"Tract 15901, BG 2",n/a,0.0,0.0,
209033,"Tract 20903, BG 3",n/a,0.0,0.0,
170462,"Tract 17046, BG 2",n/a,0.0,0.0,
178011,"Tract 17801, BG 1",n/a,0.0,0.0,
85074,"Tract 8507, BG 4",n/a,0.0,0.0,
218002,"Tract 21800, BG 2",n/a,0.0,0.0,
131031,"Tract 13103, BG 1",n/a,0.0,0.0,
15003,"Tract 1500, BG 3",n/a,0.0,0.0,
10003,"Tract 1000, BG 3",n/a,0.0,0.0,
20013,"Tract 2001, BG 3",n/a,0.0,0.0,
51012,"Tract 5101, BG 2",n/a,0.0,0.0,
208104,"Tract 20810, BG 4",n/a,0.0,0.0,
28043,"Tract 2804, BG 3",n/a,0.0,0.0,
24021,"Tract 2402, BG 1",n/a,0.0,0.0,
83073,"Tract 8307, BG 3",n/a,0.0,0.0,
132063,"Tract 13206, BG 3",n/a,0.0,0.0,
134161,"Tract 13416, BG 1",n/a,0.0,0.0,
133092,"Tract 13309, BG 2",n/a,0.0,0.0,
154081,"Tract 15408, BG 1",n/a,0.0,0.0,
29051,"Tract 2905, BG 1",n/a,0.0,0.0,
93081,"Tract 9308, BG 1",n/a,0.0,0.0,
200252,"Tract 20025, BG 2",n/a,0.0,0.0,
201091,"Tract 20109, BG 1",n/a,0.0,0.0,
174053,"Tract 17405, BG 3",n/a,0.0,0.0,
170682,"Tract 17068, BG 2",n/a,0.0,0.0,
83071,"Tract 8307, BG 1",n/a,0.0,0.0,
9021,"Tract 902, BG 1",n/a,0.0,0.0,
96034,"Tract 9603, BG 4",n/a,0.0,0.0,
93072,"Tract 9307, BG 2",n/a,0.0,0.0,
134091,"Tract 13409, BG 1",n/a,0.0,0.0,
211013,"Tract 21101, BG 3",n/a,0.0,0.0,
208112,"Tract 20811, BG 2",n/a,0.0,0.0,
83741,"Tract 8374, BG 1",n/a,0.0,0.0,
83431,"Tract 8343, BG 1",n/a,0.0,0.0,
79102,"Tract 7910, BG 2",n/a,0.0,0.0,
152002,"Tract 15200, BG 2",n/a,0.0,0.0,
133082,"Tract 13308, BG 2",n/a,0.0,0.0,
97052,"Tract 9705, BG 2",n/a,0.0,0.0,
132061,"Tract 13206, BG 1",n/a,0.0,0.0,
159021,"Tract 15902, BG 1",n/a,0.0,0.0,
97043,"Tract 9704, BG 3",n/a,0.0,0.0,
80064,"Tract 8006, BG 4",n/a,0.0,0.0,
96023,"Tract 9602, BG 3",n/a,0.0,0.0,
83671,"Tract 8367, BG 1",n/a,0.0,0.0,
134111,"Tract 13411, BG 1",n/a,0.0,0.0,
170501,"Tract 17050, BG 1",n/a,0.0,0.0,
191051,"Tract 19105, BG 1",n/a,0.0,0.0,
194031,"Tract 19403, BG 1",n/a,0.0,0.0,
186151,"Tract 18615, BG 1",n/a,0.0,0.0,
85094,"Tract 8509, BG 4",n/a,0.0,0.0,
85072,"Tract 8507, BG 2",n/a,0.0,0.0,
170601,"Tract 17060, BG 1",n/a,0.0,0.0,
85055,"Tract 8505, BG 5",n/a,0.0,0.0,
133232,"Tract 13323, BG 2",n/a,0.0,0.0,
207051,"Tract 20705, BG 1",n/a,0.0,0.0,
31093,"Tract 3109, BG 3",n/a,0.0,0.0,
186122,"Tract 18612, BG 2",n/a,0.0,0.0,
127001,"Tract 12700, BG 1",n/a,0.0,0.0,
185241,"Tract 18524, BG 1",n/a,0.0,0.0,
97045,"Tract 9704, BG 5",n/a,0.0,0.0,
204051,"Tract 20405, BG 1",n/a,0.0,0.0,
27032,"Tract 2703, BG 2",n/a,0.0,0.0,
76012,"Tract 7601, BG 2",n/a,0.0,0.0,
101123,"Tract 10112, BG 3",n/a,0.0,0.0,
193052,"Tract 19305, BG 2",n/a,0.0,0.0,
53011,"Tract 5301, BG 1",n/a,0.0,0.0,
95021,"Tract 9502, BG 1",n/a,0.0,0.0,
4001,"Tract 400, BG 1",n/a,0.0,0.0,
190021,"Tract 19002, BG 1",n/a,0.0,0.0,
97042,"Tract 9704, BG 2",n/a,0.0,0.0,
34011,"Tract 3401, BG 1",n/a,0.0,0.0,
173071,"Tract 17307, BG 1",n/a,0.0,0.0,
9022,"Tract 902, BG 2",n/a,0.0,0.0,
42001,"Tract 4200, BG 1",n/a,0.0,0.0,
38001,"Tract 3800, BG 1",n/a,0.0,0.0,
170472,"Tract 17047, BG 2",n/a,0.0,0.0,
40002,"Tract 4000, BG 2",n/a,0.0,0.0,
168091,"Tract 16809, BG 1",n/a,0.0,0.0,
206023,"Tract 20602, BG 3",n/a,0.0,0.0,
200443,"Tract 20044, BG 3",n/a,0.0,0.0,
133231,"Tract 13323, BG 1",n/a,0.0,0.0,
133081,"Tract 13308, BG 1",n/a,0.0,0.0,
98054,"Tract 9805, BG 4",n/a,0.0,0.0,
178083,"Tract 17808, BG 3",n/a,0.0,0.0,
25023,"Tract 2502, BG 3",n/a,0.0,0.0,
142004,"Tract 14200, BG 4",n/a,0.0,0.0,
97041,"Tract 9704, BG 1",n/a,0.0,0.0,
125021,"Tract 12502, BG 1",n/a,0.0,0.0,
185162,"Tract 18516, BG 2",n/a,0.0,0.0,
170333,"Tract 17033, BG 3",n/a,0.0,0.0,
170342,"Tract 17034, BG 2",n/a,0.0,0.0,
96044,"Tract 9604, BG 4",n/a,0.0,0.0,
81013,"Tract 8101, BG 3",n/a,0.0,0.0,
201082,"Tract 20108, BG 2",n/a,0.0,0.0,
176031,"Tract 17603, BG 1",n/a,0.0,0.0,
32073,"Tract 3207, BG 3",n/a,0.0,0.0,
3011,"Tract 301, BG 1",n/a,0.0,0.0,
47002,"Tract 4700, BG 2",n/a,0.0,0.0,
215021,"Tract 21502, BG 1",n/a,0.0,0.0,
136013,"Tract 13601, BG 3",n/a,0.0,0.0,
79082,"Tract 7908, BG 2",n/a,0.0,0.0,
208133,"Tract 20813, BG 3",n/a,0.0,0.0,
170542,"Tract 17054, BG 2",n/a,0.0,0.0,
83012,"Tract 8301, BG 2",n/a,0.0,0.0,
105022,"Tract 10502, BG 2",n/a,0.0,0.0,
22023,"Tract 2202, BG 3",n/a,0.0,0.0,
29033,"Tract 2903, BG 3",n/a,0.0,0.0,
80022,"Tract 8002, BG 2",n/a,0.0,0.0,
202062,"Tract 20206, BG 2",n/a,0.0,0.0,
155021,"Tract 15502, BG 1",n/a,0.0,0.0,
170363,"Tract 17036, BG 3",n/a,0.0,0.0,
155012,"Tract 15501, BG 2",n/a,0.0,0.0,
95071,"Tract 9507, BG 1",n/a,0.0,0.0,
208121,"Tract 20812, BG 1",n/a,0.0,0.0,
191034,"Tract 19103, BG 4",n/a,0.0,0.0,
188041,"Tract 18804, BG 1",n/a,0.0,0.0,
134112,"Tract 13411, BG 2",n/a,0.0,0.0,
182023,"Tract 18202, BG 3",n/a,0.0,0.0,
91074,"Tract 9107, BG 4",n/a,0.0,0.0,
170611,"Tract 17061, BG 1",n/a,0.0,0.0,
191102,"Tract 19110, BG 2",n/a,0.0,0.0,
189043,"Tract 18904, BG 3",n/a,0.0,0.0,
134092,"Tract 13409, BG 2",n/a,0.0,0.0,
170471,"Tract 17047, BG 1",n/a,0.0,0.0,
83512,"Tract 8351, BG 2",n/a,0.0,0.0,
32041,"Tract 3204, BG 1",n/a,0.0,0.0,
204041,"Tract 20404, BG 1",n/a,0.0,0.0,
83584,"Tract 8358, BG 4",n/a,0.0,0.0,
199032,"Tract 19903, BG 2",n/a,0.0,0.0,
118024,"Tract 11802, BG 4",n/a,0.0,0.0,
173082,"Tract 17308, BG 2",n/a,0.0,0.0,
100053,"Tract 10005, BG 3",n/a,0.0,0.0,
36011,"Tract 3601, BG 1",n/a,0.0,0.0,
61002,"Tract 6100, BG 2",n/a,0.0,0.0,
170353,"Tract 17035, BG 3",n/a,0.0,0.0,
16001,"Tract 1600, BG 1",n/a,0.0,0.0,
83551,"Tract 8355, BG 1",n/a,0.0,0.0,
7001,"Tract 700, BG 1",n/a,0.0,0.0,
174031,"Tract 17403, BG 1",n/a,0.0,0.0,
83632,"Tract 8363, BG 2",n/a,0.0,0.0,
85113,"Tract 8511, BG 3",n/a,0.0,0.0,
83573,"Tract 8357, BG 3",n/a,0.0,0.0,
170091,"Tract 17009, BG 1",n/a,0.0,0.0,
198114,"Tract 19811, BG 4",n/a,0.0,0.0,
189062,"Tract 18906, BG 2",n/a,0.0,0.0,
177021,"Tract 17702, BG 1",n/a,0.0,0.0,
27082,"Tract 2708, BG 2",n/a,0.0,0.0,
97067,"Tract 9706, BG 7",n/a,0.0,0.0,
177023,"Tract 17702, BG 3",n/a,0.0,0.0,
59002,"Tract 5900, BG 2",n/a,0.0,0.0,
122002,"Tract 12200, BG 2",n/a,0.0,0.0,
32042,"Tract 3204, BG 2",n/a,0.0,0.0,
162021,"Tract 16202, BG 1",n/a,0.0,0.0,
200192,"Tract 20019, BG 2",n/a,0.0,0.0,
95044,"Tract 9504, BG 4",n/a,0.0,0.0,
186152,"Tract 18615, BG 2",n/a,0.0,0.0,
188031,"Tract 18803, BG 1",n/a,0.0,0.0,
29043,"Tract 2904, BG 3",n/a,0.0,0.0,
183011,"Tract 18301, BG 1",n/a,0.0,0.0,
123021,"Tract 12302, BG 1",n/a,0.0,0.0,
83441,"Tract 8344, BG 1",n/a,0.0,0.0,
135063,"Tract 13506, BG 3",n/a,0.0,0.0,
208013,"Tract 20801, BG 3",n/a,0.0,0.0,
95051,"Tract 9505, BG 1",n/a,0.0,0.0,
178101,"Tract 17810, BG 1",n/a,0.0,0.0,
186194,"Tract 18619, BG 4",n/a,0.0,0.0,
133061,"Tract 13306, BG 1",n/a,0.0,0.0,
183012,"Tract 18301, BG 2",n/a,0.0,0.0,
18024,"Tract 1802, BG 4",n/a,0.0,0.0,
98041,"Tract 9804, BG 1",n/a,0.0,0.0,
170443,"Tract 17044, BG 3",n/a,0.0,0.0,
104023,"Tract 10402, BG 3",n/a,0.0,0.0,
91072,"Tract 9107, BG 2",n/a,0.0,0.0,
77014,"Tract 7701, BG 4",n/a,0.0,0.0,
135032,"Tract 13503, BG 2",n/a,0.0,0.0,
83243,"Tract 8324, BG 3",n/a,0.0,0.0,
83771,"Tract 8377, BG 1",n/a,0.0,0.0,
157052,"Tract 15705, BG 2",n/a,0.0,0.0,
178091,"Tract 17809, BG 1",n/a,0.0,0.0,
93014,"Tract 9301, BG 4",n/a,0.0,0.0,
83812,"Tract 8381, BG 2",n/a,0.0,0.0,
83244,"Tract 8324, BG 4",n/a,0.0,0.0,
170313,"Tract 17031, BG 3",n/a,0.0,0.0,
207123,"Tract 20712, BG 3",n/a,0.0,0.0,
170583,"Tract 17058, BG 3",n/a,0.0,0.0,
214013,"Tract 21401, BG 3",n/a,0.0,0.0,
207064,"Tract 20706, BG 4",n/a,0.0,0.0,
132062,"Tract 13206, BG 2",n/a,0.0,0.0,
148061,"Tract 14806, BG 1",n/a,0.0,0.0,
150013,"Tract 15001, BG 3",n/a,0.0,0.0,
60003,"Tract 6000, BG 3",n/a,0.0,0.0,
209031,"Tract 20903, BG 1",n/a,0.0,0.0,
133271,"Tract 13327, BG 1",n/a,0.0,0.0,
25021,"Tract 2502, BG 1",n/a,0.0,0.0,
83052,"Tract 8305, BG 2",n/a,0.0,0.0,
176062,"Tract 17606, BG 2",n/a,0.0,0.0,
136071,"Tract 13607, BG 1",n/a,0.0,0.0,
213021,"Tract 21302, BG 1",n/a,0.0,0.0,
166151,"Tract 16615, BG 1",n/a,0.0,0.0,
97065,"Tract 9706, BG 5",n/a,0.0,0.0,
93053,"Tract 9305, BG 3",n/a,0.0,0.0,
16004,"Tract 1600, BG 4",n/a,0.0,0.0,
191052,"Tract 19105, BG 2",n/a,0.0,0.0,
131022,"Tract 13102, BG 2",n/a,0.0,0.0,
54012,"Tract 5401, BG 2",n/a,0.0,0.0,
91073,"Tract 9107, BG 3",n/a,0.0,0.0,
27083,"Tract 2708, BG 3",n/a,0.0,0.0,
57002,"Tract 5700, BG 2",n/a,0.0,0.0,
76023,"Tract 7602, BG 3",n/a,0.0,0.0,
101032,"Tract 10103, BG 2",n/a,0.0,0.0,
191111,"Tract 19111, BG 1",n/a,0.0,0.0,
120032,"Tract 12003, BG 2",n/a,0.0,0.0,
27122,"Tract 2712, BG 2",n/a,0.0,0.0,
101041,"Tract 10104, BG 1",n/a,0.0,0.0,
70022,"Tract 7002, BG 2",n/a,0.0,0.0,
169013,"Tract 16901, BG 3",n/a,0.0,0.0,
170621,"Tract 17062, BG 1",n/a,0.0,0.0,
174051,"Tract 17405, BG 1",n/a,0.0,0.0,
95053,"Tract 9505, BG 3",n/a,0.0,0.0,
134241,"Tract 13424, BG 1",n/a,0.0,0.0,
83475,"Tract 8347, BG 5",n/a,0.0,0.0,
195032,"Tract 19503, BG 2",n/a,0.0,0.0,
128001,"Tract 12800, BG 1",n/a,0.0,0.0,
168132,"Tract 16813, BG 2",n/a,0.0,0.0,
85093,"Tract 8509, BG 3",n/a,0.0,0.0,
83432,"Tract 8343, BG 2",n/a,0.0,0.0,
207111,"Tract 20711, BG 1",n/a,0.0,0.0,
83751,"Tract 8375, BG 1",n/a,0.0,0.0,
83442,"Tract 8344, BG 2",n/a,0.0,0.0,
109002,"Tract 10900, BG 2",n/a,0.0,0.0,
83031,"Tract 8303, BG 1",n/a,0.0,0.0,
15001,"Tract 1500, BG 1",n/a,0.0,0.0,
133273,"Tract 13327, BG 3",n/a,0.0,0.0,
200212,"Tract 20021, BG 2",n/a,0.0,0.0,
2021,"Tract 202, BG 1",n/a,0.0,0.0,
98013,"Tract 9801, BG 3",n/a,0.0,0.0,
98051,"Tract 9805, BG 1",n/a,0.0,0.0,
105021,"Tract 10502, BG 1",n/a,0.0,0.0,
108001,"Tract 10800, BG 1",n/a,0.0,0.0,
170541,"Tract 17054, BG 1",n/a,0.0,0.0,
23012,"Tract 2301, BG 2",n/a,0.0,0.0,
168063,"Tract 16806, BG 3",n/a,0.0,0.0,
27034,"Tract 2703, BG 4",n/a,0.0,0.0,
59001,"Tract 5900, BG 1",n/a,0.0,0.0,
41013,"Tract 4101, BG 3",n/a,0.0,0.0,
75012,"Tract 7501, BG 2",n/a,0.0,0.0,
50001,"Tract 5000, BG 1",n/a,0.0,0.0,
32021,"Tract 3202, BG 1",n/a,0.0,0.0,
139081,"Tract 13908, BG 1",n/a,0.0,0.0,
129002,"Tract 12900, BG 2",n/a,0.0,0.0,
85112,"Tract 8511, BG 2",n/a,0.0,0.0,
75023,"Tract 7502, BG 3",n/a,0.0,0.0,
18021,"Tract 1802, BG 1",n/a,0.0,0.0,
56021,"Tract 5602, BG 1",n/a,0.0,0.0,
186131,"Tract 18613, BG 1",n/a,0.0,0.0,
157014,"Tract 15701, BG 4",n/a,0.0,0.0,
96041,"Tract 9604, BG 1",n/a,0.0,0.0,
170372,"Tract 17037, BG 2",n/a,0.0,0.0,
39021,"Tract 3902, BG 1",n/a,0.0,0.0,
88001,"Tract 8800, BG 1",n/a,0.0,0.0,
2022,"Tract 202, BG 2",n/a,0.0,0.0,
23022,"Tract 2302, BG 2",n/a,0.0,0.0,
12011,"Tract 1201, BG 1",n/a,0.0,0.0,
96033,"Tract 9603, BG 3",n/a,0.0,0.0,
210012,"Tract 21001, BG 2",n/a,0.0,0.0,
20011,"Tract 2001, BG 1",n/a,0.0,0.0,
125023,"Tract 12502, BG 3",n/a,0.0,0.0,
134144,"Tract 13414, BG 4",n/a,0.0,0.0,
21005,"Tract 2100, BG 5",n/a,0.0,0.0,
172012,"Tract 17201, BG 2",n/a,0.0,0.0,
95072,"Tract 9507, BG 2",n/a,0.0,0.0,
139031,"Tract 13903, BG 1",n/a,0.0,0.0,
100102,"Tract 10010, BG 2",n/a,0.0,0.0,
140014,"Tract 14001, BG 4",n/a,0.0,0.0,
116012,"Tract 11601, BG 2",n/a,0.0,0.0,
154053,"Tract 15405, BG 3",n/a,0.0,0.0,
154082,"Tract 15408, BG 2",n/a,0.0,0.0,
119022,"Tract 11902, BG 2",n/a,0.0,0.0,
22022,"Tract 2202, BG 2",n/a,0.0,0.0,
162022,"Tract 16202, BG 2",n/a,0.0,0.0,
199022,"Tract 19902, BG 2",n/a,0.0,0.0,
202111,"Tract 20211, BG 1",n/a,0.0,0.0,
191093,"Tract 19109, BG 3",n/a,0.0,0.0,
198112,"Tract 19811, BG 2",n/a,0.0,0.0,
132041,"Tract 13204, BG 1",n/a,0.0,0.0,
98025,"Tract 9802, BG 5",n/a,0.0,0.0,
83131,"Tract 8313, BG 1",n/a,0.0,0.0,
200251,"Tract 20025, BG 1",n/a,0.0,0.0,
199042,"Tract 19904, BG 2",n/a,0.0,0.0,
197012,"Tract 19701, BG 2",n/a,0.0,0.0,
134114,"Tract 13411, BG 4",n/a,0.0,0.0,
174032,"Tract 17403, BG 2",n/a,0.0,0.0,
83631,"Tract 8363, BG 1",n/a,0.0,0.0,
185112,"Tract 18511, BG 2",n/a,0.0,0.0,
32111,"Tract 3211, BG 1",n/a,0.0,0.0,
130002,"Tract 13000, BG 2",n/a,0.0,0.0,
83801,"Tract 8380, BG 1",n/a,0.0,0.0,
201072,"Tract 20107, BG 2",n/a,0.0,0.0,
43002,"Tract 4300, BG 2",n/a,0.0,0.0,
92031,"Tract 9203, BG 1",n/a,0.0,0.0,
96042,"Tract 9604, BG 2",n/a,0.0,0.0,
85044,"Tract 8504, BG 4",n/a,0.0,0.0,
118023,"Tract 11802, BG 3",n/a,0.0,0.0,
95073,"Tract 9507, BG 3",n/a,0.0,0.0,
69001,"Tract 6900, BG 1",n/a,0.0,0.0,
127002,"Tract 12700, BG 2",n/a,0.0,0.0,
71002,"Tract 7100, BG 2",n/a,0.0,0.0,
134162,"Tract 13416, BG 2",n/a,0.0,0.0,
101104,"Tract 10110, BG 4",n/a,0.0,0.0,
48001,"Tract 4800, BG 1",n/a,0.0,0.0,
85013,"Tract 8501, BG 3",n/a,0.0,0.0,
173053,"Tract 17305, BG 3",n/a,0.0,0.0,
51011,"Tract 5101, BG 1",n/a,0.0,0.0,
3022,"Tract 302, BG 2",n/a,0.0,0.0,
171082,"Tract 17108, BG 2",n/a,0.0,0.0,
203103,"Tract 20310, BG 3",n/a,0.0,0.0,
176014,"Tract 17601, BG 4",n/a,0.0,0.0,
83552,"Tract 8355, BG 2",n/a,0.0,0.0,
76013,"Tract 7601, BG 3",n/a,0.0,0.0,
83532,"Tract 8353, BG 2",n/a,0.0,0.0,
80065,"Tract 8006, BG 5",n/a,0.0,0.0,
100191,"Tract 10019, BG 1",n/a,0.0,0.0,
83271,"Tract 8327, BG 1",n/a,0.0,0.0,
28041,"Tract 2804, BG 1",n/a,0.0,0.0,
185043,"Tract 18504, BG 3",n/a,0.0,0.0,
134242,"Tract 13424, BG 2",n/a,0.0,0.0,
170572,"Tract 17057, BG 2",n/a,0.0,0.0,
186082,"Tract 18608, BG 2",n/a,0.0,0.0,
170562,"Tract 17056, BG 2",n/a,0.0,0.0,
209032,"Tract 20903, BG 2",n/a,0.0,0.0,
166201,"Tract 16620, BG 1",n/a,0.0,0.0,
27051,"Tract 2705, BG 1",n/a,0.0,0.0,
163012,"Tract 16301, BG 2",n/a,0.0,0.0,
117002,"Tract 11700, BG 2",n/a,0.0,0.0,
166192,"Tract 16619, BG 2",n/a,0.0,0.0,
185193,"Tract 18519, BG 3",n/a,0.0,0.0,
79111,"Tract 7911, BG 1",n/a,0.0,0.0,
170202,"Tract 17020, BG 2",n/a,0.0,0.0,
202131,"Tract 20213, BG 1",n/a,0.0,0.0,
201081,"Tract 20108, BG 1",n/a,0.0,0.0,
51032,"Tract 5103, BG 2",n/a,0.0,0.0,
203044,"Tract 20304, BG 4",n/a,0.0,0.0,
100192,"Tract 10019, BG 2",n/a,0.0,0.0,
102021,"Tract 10202, BG 1",n/a,0.0,0.0,
113001,"Tract 11300, BG 1",n/a,0.0,0.0,
194061,"Tract 19406, BG 1",n/a,0.0,0.0,
170522,"Tract 17052, BG 2",n/a,0.0,0.0,
134093,"Tract 13409, BG 3",n/a,0.0,0.0,
83371,"Tract 8337, BG 1",n/a,0.0,0.0,
26013,"Tract 2601, BG 3",n/a,0.0,0.0,
141021,"Tract 14102, BG 1",n/a,0.0,0.0,
71001,"Tract 7100, BG 1",n/a,0.0,0.0,
100092,"Tract 10009, BG 2",n/a,0.0,0.0,
57001,"Tract 5700, BG 1",n/a,0.0,0.0,
33051,"Tract 3305, BG 1",n/a,0.0,0.0,
32022,"Tract 3202, BG 2",n/a,0.0,0.0,
101103,"Tract 10110, BG 3",n/a,0.0,0.0,
83062,"Tract 8306, BG 2",n/a,0.0,0.0,
132034,"Tract 13203, BG 4",n/a,0.0,0.0,
178082,"Tract 17808, BG 2",n/a,0.0,0.0,
190012,"Tract 19001, BG 2",n/a,0.0,0.0,
208062,"Tract 20806, BG 2",n/a,0.0,0.0,
31073,"Tract 3107, BG 3",n/a,0.0,0.0,
211012,"Tract 21101, BG 2",n/a,0.0,0.0,
62001,"Tract 6200, BG 1",n/a,0.0,0.0,
195023,"Tract 19502, BG 3",n/a,0.0,0.0,
202132,"Tract 20213, BG 2",n/a,0.0,0.0,
120021,"Tract 12002, BG 1",n/a,0.0,0.0,
147011,"Tract 14701, BG 1",n/a,0.0,0.0,
198082,"Tract 19808, BG 2",n/a,0.0,0.0,
132031,"Tract 13203, BG 1",n/a,0.0,0.0,
174072,"Tract 17407, BG 2",n/a,0.0,0.0,
35013,"Tract 3501, BG 3",n/a,0.0,0.0,
83752,"Tract 8375, BG 2",n/a,0.0,0.0,
203132,"Tract 20313, BG 2",n/a,0.0,0.0,
100011,"Tract 10001, BG 1",n/a,0.0,0.0,
97051,"Tract 9705, BG 1",n/a,0.0,0.0,
186092,"Tract 18609, BG 2",n/a,0.0,0.0,
200191,"Tract 20019, BG 1",n/a,0.0,0.0,
83634,"Tract 8363, BG 4",n/a,0.0,0.0,
191101,"Tract 19110, BG 1",n/a,0.0,0.0,
209021,"Tract 20902, BG 1",n/a,0.0,0.0,
83473,"Tract 8347, BG 3",n/a,0.0,0.0,
168061,"Tract 16806, BG 1",n/a,0.0,0.0,
170511,"Tract 17051, BG 1",n/a,0.0,0.0,
135062,"Tract 13506, BG 2",n/a,0.0,0.0,
192081,"Tract 19208, BG 1",n/a,0.0,0.0,
25024,"Tract 2502, BG 4",n/a,0.0,0.0,
14002,"Tract 1400, BG 2",n/a,0.0,0.0,
186223,"Tract 18622, BG 3",n/a,0.0,0.0,
160002,"Tract 16000, BG 2",n/a,0.0,0.0,
101033,"Tract 10103, BG 3",n/a,0.0,0.0,
98043,"Tract 9804, BG 3",n/a,0.0,0.0,
83621,"Tract 8362, BG 1",n/a,0.0,0.0,
73022,"Tract 7302, BG 2",n/a,0.0,0.0,
85076,"Tract 8507, BG 6",n/a,0.0,0.0,
100122,"Tract 10012, BG 2",n/a,0.0,0.0,
170672,"Tract 17067, BG 2",n/a,0.0,0.0,
31072,"Tract 3107, BG 2",n/a,0.0,0.0,
207122,"Tract 20712, BG 2",n/a,0.0,0.0,
186093,"Tract 18609, BG 3",n/a,0.0,0.0,
170632,"Tract 17063, BG 2",n/a,0.0,0.0,
173061,"Tract 17306, BG 1",n/a,0.0,0.0,
189053,"Tract 18905, BG 3",n/a,0.0,0.0,
191113,"Tract 19111, BG 3",n/a,0.0,0.0,
75013,"Tract 7501, BG 3",n/a,0.0,0.0,
167062,"Tract 16706, BG 2",n/a,0.0,0.0,
49001,"Tract 4900, BG 1",n/a,0.0,0.0,
6003,"Tract 600, BG 3",n/a,0.0,0.0,
221022,"Tract 22102, BG 2",n/a,0.0,0.0,
173031,"Tract 17303, BG 1",n/a,0.0,0.0,
170491,"Tract 17049, BG 1",n/a,0.0,0.0,
191082,"Tract 19108, BG 2",n/a,0.0,0.0,
204042,"Tract 20404, BG 2",n/a,0.0,0.0,
185152,"Tract 18515, BG 2",n/a,0.0,0.0,
95111,"Tract 9511, BG 1",n/a,0.0,0.0,
44002,"Tract 4400, BG 2",n/a,0.0,0.0,
170226,"Tract 17022, BG 6",n/a,0.0,0.0,
73031,"Tract 7303, BG 1",n/a,0.0,0.0,
29023,"Tract 2902, BG 3",n/a,0.0,0.0,
19002,"Tract 1900, BG 2",n/a,0.0,0.0,
139052,"Tract 13905, BG 2",n/a,0.0,0.0,
41012,"Tract 4101, BG 2",n/a,0.0,0.0,
201062,"Tract 20106, BG 2",n/a,0.0,0.0,
171072,"Tract 17107, BG 2",n/a,0.0,0.0,
31142,"Tract 3114, BG 2",n/a,0.0,0.0,
93063,"Tract 9306, BG 3",n/a,0.0,0.0,
198111,"Tract 19811, BG 1",n/a,0.0,0.0,
136082,"Tract 13608, BG 2",n/a,0.0,0.0,
133012,"Tract 13301, BG 2",n/a,0.0,0.0,
33011,"Tract 3301, BG 1",n/a,0.0,0.0,
77021,"Tract 7702, BG 1",n/a,0.0,0.0,
83501,"Tract 8350, BG 1",n/a,0.0,0.0,
83122,"Tract 8312, BG 2",n/a,0.0,0.0,
141012,"Tract 14101, BG 2",n/a,0.0,0.0,
178081,"Tract 17808, BG 1",n/a,0.0,0.0,
181013,"Tract 18101, BG 3",n/a,0.0,0.0,
133241,"Tract 13324, BG 1",n/a,0.0,0.0,
170142,"Tract 17014, BG 2",n/a,0.0,0.0,
170063,"Tract 17006, BG 3",n/a,0.0,0.0,
165024,"Tract 16502, BG 4",n/a,0.0,0.0,
83802,"Tract 8380, BG 2",n/a,0.0,0.0,
203092,"Tract 20309, BG 2",n/a,0.0,0.0,
40001,"Tract 4000, BG 1",n/a,0.0,0.0,
176061,"Tract 17606, BG 1",n/a,0.0,0.0,
79121,"Tract 7912, BG 1",n/a,0.0,0.0,
83663,"Tract 8366, BG 3",n/a,0.0,0.0,
101112,"Tract 10111, BG 2",n/a,0.0,0.0,
200362,"Tract 20036, BG 2",n/a,0.0,0.0,
14001,"Tract 1400, BG 1",n/a,0.0,0.0,
221011,"Tract 22101, BG 1",n/a,0.0,0.0,
93055,"Tract 9305, BG 5",n/a,0.0,0.0,
25013,"Tract 2501, BG 3",n/a,0.0,0.0,
164011,"Tract 16401, BG 1",n/a,0.0,0.0,
185101,"Tract 18510, BG 1",n/a,0.0,0.0,
185232,"Tract 18523, BG 2",n/a,0.0,0.0,
81023,"Tract 8102, BG 3",n/a,0.0,0.0,
216002,"Tract 21600, BG 2",n/a,0.0,0.0,
170581,"Tract 17058, BG 1",n/a,0.0,0.0,
221021,"Tract 22102, BG 1",n/a,0.0,0.0,
219001,"Tract 21900, BG 1",n/a,0.0,0.0,
83503,"Tract 8350, BG 3",n/a,0.0,0.0,
22011,"Tract 2201, BG 1",n/a,0.0,0.0,
186191,"Tract 18619, BG 1",n/a,0.0,0.0,
208052,"Tract 20805, BG 2",n/a,0.0,0.0,
83603,"Tract 8360, BG 3",n/a,0.0,0.0,
188042,"Tract 18804, BG 2",n/a,0.0,0.0,
199043,"Tract 19904, BG 3",n/a,0.0,0.0,
194063,"Tract 19406, BG 3",n/a,0.0,0.0,
210013,"Tract 21001, BG 3",n/a,0.0,0.0,
164032,"Tract 16403, BG 2",n/a,0.0,0.0,
200261,"Tract 20026, BG 1",n/a,0.0,0.0,
200391,"Tract 20039, BG 1",n/a,0.0,0.0,
49002,"Tract 4900, BG 2",n/a,0.0,0.0,
178111,"Tract 17811, BG 1",n/a,0.0,0.0,
93082,"Tract 9308, BG 2",n/a,0.0,0.0,
92032,"Tract 9203, BG 2",n/a,0.0,0.0,
207121,"Tract 20712, BG 1",n/a,0.0,0.0,
199031,"Tract 19903, BG 1",n/a,0.0,0.0,
17002,"Tract 1700, BG 2",n/a,0.0,0.0,
45011,"Tract 4501, BG 1",n/a,0.0,0.0,
207082,"Tract 20708, BG 2",n/a,0.0,0.0,
168093,"Tract 16809, BG 3",n/a,0.0,0.0,
165044,"Tract 16504, BG 4",n/a,0.0,0.0,
100183,"Tract 10018, BG 3",n/a,0.0,0.0,
153012,"Tract 15301, BG 2",n/a,0.0,0.0,
139061,"Tract 13906, BG 1",n/a,0.0,0.0,
83572,"Tract 8357, BG 2",n/a,0.0,0.0,
200431,"Tract 20043, BG 1",n/a,0.0,0.0,
178132,"Tract 17813, BG 2",n/a,0.0,0.0,
27121,"Tract 2712, BG 1",n/a,0.0,0.0,
199053,"Tract 19905, BG 3",n/a,0.0,0.0,
92011,"Tract 9201, BG 1",n/a,0.0,0.0,
168092,"Tract 16809, BG 2",n/a,0.0,0.0,
185171,"Tract 18517, BG 1",n/a,0.0,0.0,
91033,"Tract 9103, BG 3",n/a,0.0,0.0,
133033,"Tract 13303, BG 3",n/a,0.0,0.0,
22021,"Tract 2202, BG 1",n/a,0.0,0.0,
83533,"Tract 8353, BG 3",n/a,0.0,0.0,
85043,"Tract 8504, BG 3",n/a,0.0,0.0,
80033,"Tract 8003, BG 3",n/a,0.0,0.0,
83482,"Tract 8348, BG 2",n/a,0.0,0.0,
89011,"Tract 8901, BG 1",n/a,0.0,0.0,
101031,"Tract 10103, BG 1",n/a,0.0,0.0,
194052,"Tract 19405, BG 2",n/a,0.0,0.0,
170401,"Tract 17040, BG 1",n/a,0.0,0.0,
24013,"Tract 2401, BG 3",n/a,0.0,0.0,
142003,"Tract 14200, BG 3",n/a,0.0,0.0,
196023,"Tract 19602, BG 3",n/a,0.0,0.0,
27112,"Tract 2711, BG 2",n/a,0.0,0.0,
157013,"Tract 15701, BG 3",n/a,0.0,0.0,
83682,"Tract 8368, BG 2",n/a,0.0,0.0,
185242,"Tract 18524, BG 2",n/a,0.0,0.0,
83281,"Tract 8328, BG 1",n/a,0.0,0.0,
192032,"Tract 19203, BG 2",n/a,0.0,0.0,
180001,"Tract 18000, BG 1",n/a,0.0,0.0,
18023,"Tract 1802, BG 3",n/a,0.0,0.0,
83391,"Tract 8339, BG 1",n/a,0.0,0.0,
200242,"Tract 20024, BG 2",n/a,0.0,0.0,
3021,"Tract 302, BG 1",n/a,0.0,0.0,
200402,"Tract 20040, BG 2",n/a,0.0,0.0,
208103,"Tract 20810, BG 3",n/a,0.0,0.0,
25012,"Tract 2501, BG 2",n/a,0.0,0.0,
134202,"Tract 13420, BG 2",n/a,0.0,0.0,
170524,"Tract 17052, BG 4",n/a,0.0,0.0,
201084,"Tract 20108, BG 4",n/a,0.0,0.0,
177011,"Tract 17701, BG 1",n/a,0.0,0.0,
170681,"Tract 17068, BG 1",n/a,0.0,0.0,
32093,"Tract 3209, BG 3",n/a,0.0,0.0,
21003,"Tract 2100, BG 3",n/a,0.0,0.0,
188011,"Tract 18801, BG 1",n/a,0.0,0.0,
185173,"Tract 18517, BG 3",n/a,0.0,0.0,
202072,"Tract 20207, BG 2",n/a,0.0,0.0,
60002,"Tract 6000, BG 2",n/a,0.0,0.0,
87011,"Tract 8701, BG 1",n/a,0.0,0.0,
83781,"Tract 8378, BG 1",n/a,0.0,0.0,
95103,"Tract 9510, BG 3",n/a,0.0,0.0,
83483,"Tract 8348, BG 3",n/a,0.0,0.0,
207081,"Tract 20708, BG 1",n/a,0.0,0.0,
27052,"Tract 2705, BG 2",n/a,0.0,0.0,
198041,"Tract 19804, BG 1",n/a,0.0,0.0,
90001,"Tract 9000, BG 1",n/a,0.0,0.0,
185231,"Tract 18523, BG 1",n/a,0.0,0.0,
178131,"Tract 17813, BG 1",n/a,0.0,0.0,
170641,"Tract 17064, BG 1",n/a,0.0,0.0,
178013,"Tract 17801, BG 3",n/a,0.0,0.0,
201093,"Tract 20109, BG 3",n/a,0.0,0.0,
208072,"Tract 20807, BG 2",n/a,0.0,0.0,
202024,"Tract 20202, BG 4",n/a,0.0,0.0,
200172,"Tract 20017, BG 2",n/a,0.0,0.0,
149021,"Tract 14902, BG 1",n/a,0.0,0.0,
85041,"Tract 8504, BG 1",n/a,0.0,0.0,
85091,"Tract 8509, BG 1",n/a,0.0,0.0,
91042,"Tract 9104, BG 2",n/a,0.0,0.0,
213061,"Tract 21306, BG 1",n/a,0.0,0.0,
148031,"Tract 14803, BG 1",n/a,0.0,0.0,
186172,"Tract 18617, BG 2",n/a,0.0,0.0,
200321,"Tract 20032, BG 1",n/a,0.0,0.0,
208071,"Tract 20807, BG 1",n/a,0.0,0.0,
135043,"Tract 13504, BG 3",n/a,0.0,0.0,
203082,"Tract 20308, BG 2",n/a,0.0,0.0,
68012,"Tract 6801, BG 2",n/a,0.0,0.0,
32121,"Tract 3212, BG 1",n/a,0.0,0.0,
133201,"Tract 13320, BG 1",n/a,0.0,0.0,
203111,"Tract 20311, BG 1",n/a,0.0,0.0,
102023,"Tract 10202, BG 3",n/a,0.0,0.0,
21001,"Tract 2100, BG 1",n/a,0.0,0.0,
54023,"Tract 5402, BG 3",n/a,0.0,0.0,
83513,"Tract 8351, BG 3",n/a,0.0,0.0,
190013,"Tract 19001, BG 3",n/a,0.0,0.0,
80062,"Tract 8006, BG 2",n/a,0.0,0.0,
170414,"Tract 17041, BG 4",n/a,0.0,0.0,
150022,"Tract 15002, BG 2",n/a,0.0,0.0,
96031,"Tract 9603, BG 1",n/a,0.0,0.0,
134223,"Tract 13422, BG 3",n/a,0.0,0.0,
9023,"Tract 902, BG 3",n/a,0.0,0.0,
183022,"Tract 18302, BG 2",n/a,0.0,0.0,
83591,"Tract 8359, BG 1",n/a,0.0,0.0,
192053,"Tract 19205, BG 3",n/a,0.0,0.0,
207071,"Tract 20707, BG 1",n/a,0.0,0.0,
78005,"Tract 7800, BG 5",n/a,0.0,0.0,
170703,"Tract 17070, BG 3",n/a,0.0,0.0,
170223,"Tract 17022, BG 3",n/a,0.0,0.0,
91014,"Tract 9101, BG 4",n/a,0.0,0.0,
165042,"Tract 16504, BG 2",n/a,0.0,0.0,
133072,"Tract 13307, BG 2",n/a,0.0,0.0,
157042,"Tract 15704, BG 2",n/a,0.0,0.0,
34031,"Tract 3403, BG 1",n/a,0.0,0.0,
147012,"Tract 14701, BG 2",n/a,0.0,0.0,
169014,"Tract 16901, BG 4",n/a,0.0,0.0,
98044,"Tract 9804, BG 4",n/a,0.0,0.0,
17003,"Tract 1700, BG 3",n/a,0.0,0.0,
20012,"Tract 2001, BG 2",n/a,0.0,0.0,
100161,"Tract 10016, BG 1",n/a,0.0,0.0,
36033,"Tract 3603, BG 3",n/a,0.0,0.0,
91013,"Tract 9101, BG 3",n/a,0.0,0.0,
142002,"Tract 14200, BG 2",n/a,0.0,0.0,
98042,"Tract 9804, BG 2",n/a,0.0,0.0,
83691,"Tract 8369, BG 1",n/a,0.0,0.0,
4003,"Tract 400, BG 3",n/a,0.0,0.0,
101042,"Tract 10104, BG 2",n/a,0.0,0.0,
27084,"Tract 2708, BG 4",n/a,0.0,0.0,
133121,"Tract 13312, BG 1",n/a,0.0,0.0,
29053,"Tract 2905, BG 3",n/a,0.0,0.0,
170371,"Tract 17037, BG 1",n/a,0.0,0.0,
100182,"Tract 10018, BG 2",n/a,0.0,0.0,
158022,"Tract 15802, BG 2",n/a,0.0,0.0,
98052,"Tract 9805, BG 2",n/a,0.0,0.0,
92042,"Tract 9204, BG 2",n/a,0.0,0.0,
83643,"Tract 8364, BG 3",n/a,0.0,0.0,
83032,"Tract 8303, BG 2",n/a,0.0,0.0,
202101,"Tract 20210, BG 1",n/a,0.0,0.0,
199021,"Tract 19902, BG 1",n/a,0.0,0.0,
133031,"Tract 13303, BG 1",n/a,0.0,0.0,
139092,"Tract 13909, BG 2",n/a,0.0,0.0,
161002,"Tract 16100, BG 2",n/a,0.0,0.0,
97062,"Tract 9706, BG 2",n/a,0.0,0.0,
148033,"Tract 14803, BG 3",n/a,0.0,0.0,
103004,"Tract 10300, BG 4",n/a,0.0,0.0,
123032,"Tract 12303, BG 2",n/a,0.0,0.0,
96043,"Tract 9604, BG 3",n/a,0.0,0.0,
83011,"Tract 8301, BG 1",n/a,0.0,0.0,
200371,"Tract 20037, BG 1",n/a,0.0,0.0,
75021,"Tract 7502, BG 1",n/a,0.0,0.0,
116011,"Tract 11601, BG 1",n/a,0.0,0.0,
200313,"Tract 20031, BG 3",n/a,0.0,0.0,
83472,"Tract 8347, BG 2",n/a,0.0,0.0,
165021,"Tract 16502, BG 1",n/a,0.0,0.0,
32012,"Tract 3201, BG 2",n/a,0.0,0.0,
129001,"Tract 12900, BG 1",n/a,0.0,0.0,
91031,"Tract 9103, BG 1",n/a,0.0,0.0,
161003,"Tract 16100, BG 3",n/a,0.0,0.0,
31092,"Tract 3109, BG 2",n/a,0.0,0.0,
200411,"Tract 20041, BG 1",n/a,0.0,0.0,
85024,"Tract 8502, BG 4",n/a,0.0,0.0,
46001,"Tract 4600, BG 1",n/a,0.0,0.0,
132032,"Tract 13203, BG 2",n/a,0.0,0.0,
43001,"Tract 4300, BG 1",n/a,0.0,0.0,
134184,"Tract 13418, BG 4",n/a,0.0,0.0,
124023,"Tract 12402, BG 3",n/a,0.0,0.0,
199051,"Tract 19905, BG 1",n/a,0.0,0.0,
85121,"Tract 8512, BG 1",n/a,0.0,0.0,
164041,"Tract 16404, BG 1",n/a,0.0,0.0,
100171,"Tract 10017, BG 1",n/a,0.0,0.0,
206024,"Tract 20602, BG 4",n/a,0.0,0.0,
148044,"Tract 14804, BG 4",n/a,0.0,0.0,
189044,"Tract 18904, BG 4",n/a,0.0,0.0,
136052,"Tract 13605, BG 2",n/a,0.0,0.0,
184001,"Tract 18400, BG 1",n/a,0.0,0.0,
61001,"Tract 6100, BG 1",n/a,0.0,0.0,
143001,"Tract 14300, BG 1",n/a,0.0,0.0,
186181,"Tract 18618, BG 1",n/a,0.0,0.0,
186132,"Tract 18613, BG 2",n/a,0.0,0.0,
13023,"Tract 1302, BG 3",n/a,0.0,0.0,
170211,"Tract 17021, BG 1",n/a,0.0,0.0,
134122,"Tract 13412, BG 2",n/a,0.0,0.0,
30013,"Tract 3001, BG 3",n/a,0.0,0.0,
55001,"Tract 5500, BG 1",n/a,0.0,0.0,
133253,"Tract 13325, BG 3",n/a,0.0,0.0,
83301,"Tract 8330, BG 1",n/a,0.0,0.0,
165043,"Tract 16504, BG 3",n/a,0.0,0.0,
202114,"Tract 20211, BG 4",n/a,0.0,0.0,
45013,"Tract 4501, BG 3",n/a,0.0,0.0,
83683,"Tract 8368, BG 3",n/a,0.0,0.0,
197022,"Tract 19702, BG 2",n/a,0.0,0.0,
186193,"Tract 18619, BG 3",n/a,0.0,0.0,
87023,"Tract 8702, BG 3",n/a,0.0,0.0,
170571,"Tract 17057, BG 1",n/a,0.0,0.0,
27103,"Tract 2710, BG 3",n/a,0.0,0.0,
196012,"Tract 19601, BG 2",n/a,0.0,0.0,
133222,"Tract 13322, BG 2",n/a,0.0,0.0,
79052,"Tract 7905, BG 2",n/a,0.0,0.0,
166161,"Tract 16616, BG 1",n/a,0.0,0.0,
208012,"Tract 20801, BG 2",n/a,0.0,0.0,
135053,"Tract 13505, BG 3",n/a,0.0,0.0,
196013,"Tract 19601, BG 3",n/a,0.0,0.0,
170332,"Tract 17033, BG 2",n/a,0.0,0.0,
170394,"Tract 17039, BG 4",n/a,0.0,0.0,
192103,"Tract 19210, BG 3",n/a,0.0,0.0,
83112,"Tract 8311, BG 2",n/a,0.0,0.0,
170521,"Tract 17052, BG 1",n/a,0.0,0.0,
202022,"Tract 20202, BG 2",n/a,0.0,0.0,
101061,"Tract 10106, BG 1",n/a,0.0,0.0,
149022,"Tract 14902, BG 2",n/a,0.0,0.0,
125022,"Tract 12502, BG 2",n/a,0.0,0.0,
170451,"Tract 17045, BG 1",n/a,0.0,0.0,
83672,"Tract 8367, BG 2",n/a,0.0,0.0,
135031,"Tract 13503, BG 1",n/a,0.0,0.0,
151002,"Tract 15100, BG 2",n/a,0.0,0.0,
83761,"Tract 8376, BG 1",n/a,0.0,0.0,
221012,"Tract 22101, BG 2",n/a,0.0,0.0,
83711,"Tract 8371, BG 1",n/a,0.0,0.0,
170712,"Tract 17071, BG 2",n/a,0.0,0.0,
74023,"Tract 7402, BG 3",n/a,0.0,0.0,
198033,"Tract 19803, BG 3",n/a,0.0,0.0,
200171,"Tract 20017, BG 1",n/a,0.0,0.0,
56022,"Tract 5602, BG 2",n/a,0.0,0.0,
93051,"Tract 9305, BG 1",n/a,0.0,0.0,
83245,"Tract 8324, BG 5",n/a,0.0,0.0,
110001,"Tract 11000, BG 1",n/a,0.0,0.0,
201052,"Tract 20105, BG 2",n/a,0.0,0.0,
136041,"Tract 13604, BG 1",n/a,0.0,0.0,
149013,"Tract 14901, BG 3",n/a,0.0,0.0,
31051,"Tract 3105, BG 1",n/a,0.0,0.0,
203091,"Tract 20309, BG 1",n/a,0.0,0.0,
161001,"Tract 16100, BG 1",n/a,0.0,0.0,
111001,"Tract 11100, BG 1",n/a,0.0,0.0,
186161,"Tract 18616, BG 1",n/a,0.0,0.0,
133022,"Tract 13302, BG 2",n/a,0.0,0.0,
186013,"Tract 18601, BG 3",n/a,0.0,0.0,
100031,"Tract 10003, BG 1",n/a,0.0,0.0,
168131,"Tract 16813, BG 1",n/a,0.0,0.0,
140011,"Tract 14001, BG 1",n/a,0.0,0.0,
134142,"Tract 13414, BG 2",n/a,0.0,0.0,
209042,"Tract 20904, BG 2",n/a,0.0,0.0,
148051,"Tract 14805, BG 1",n/a,0.0,0.0,
200294,"Tract 20029, BG 4",n/a,0.0,0.0,
164042,"Tract 16404, BG 2",n/a,0.0,0.0,
191071,"Tract 19107, BG 1",n/a,0.0,0.0,
95112,"Tract 9511, BG 2",n/a,0.0,0.0,
209043,"Tract 20904, BG 3",n/a,0.0,0.0,
188052,"Tract 18805, BG 2",n/a,0.0,0.0,
123042,"Tract 12304, BG 2",n/a,0.0,0.0,
186012,"Tract 18601, BG 2",n/a,0.0,0.0,
178113,"Tract 17811, BG 3",n/a,0.0,0.0,
31032,"Tract 3103, BG 2",n/a,0.0,0.0,
93073,"Tract 9307, BG 3",n/a,0.0,0.0,
105024,"Tract 10502, BG 4",n/a,0.0,0.0,
40004,"Tract 4000, BG 4",n/a,0.0,0.0,
95052,"Tract 9505, BG 2",n/a,0.0,0.0,
170441,"Tract 17044, BG 1",n/a,0.0,0.0,
73023,"Tract 7302, BG 3",n/a,0.0,0.0,
58011,"Tract 5801, BG 1",n/a,0.0,0.0,
133182,"Tract 13318, BG 2",n/a,0.0,0.0,
170374,"Tract 17037, BG 4",n/a,0.0,0.0,
186163,"Tract 18616, BG 3",n/a,0.0,0.0,
100032,"Tract 10003, BG 2",n/a,0.0,0.0,
185091,"Tract 18509, BG 1",n/a,0.0,0.0,
146023,"Tract 14602, BG 3",n/a,0.0,0.0,
85033,"Tract 8503, BG 3",n/a,0.0,0.0,
166093,"Tract 16609, BG 3",n/a,0.0,0.0,
133213,"Tract 13321, BG 3",n/a,0.0,0.0,
208051,"Tract 20805, BG 1",n/a,0.0,0.0,
153022,"Tract 15302, BG 2",n/a,0.0,0.0,
200332,"Tract 20033, BG 2",n/a,0.0,0.0,
83641,"Tract 8364, BG 1",n/a,0.0,0.0,
85122,"Tract 8512, BG 2",n/a,0.0,0.0,
179011,"Tract 17901, BG 1",n/a,0.0,0.0,
85022,"Tract 8502, BG 2",n/a,0.0,0.0,
85061,"Tract 8506, BG 1",n/a,0.0,0.0,
153021,"Tract 15302, BG 1",n/a,0.0,0.0,
68021,"Tract 6802, BG 1",n/a,0.0,0.0,
186091,"Tract 18609, BG 1",n/a,0.0,0.0,
146022,"Tract 14602, BG 2",n/a,0.0,0.0,
101091,"Tract 10109, BG 1",n/a,0.0,0.0,
53021,"Tract 5302, BG 1",n/a,0.0,0.0,
186192,"Tract 18619, BG 2",n/a,0.0,0.0,
189034,"Tract 18903, BG 4",n/a,0.0,0.0,
133161,"Tract 13316, BG 1",n/a,0.0,0.0,
202091,"Tract 20209, BG 1",n/a,0.0,0.0,
180004,"Tract 18000, BG 4",n/a,0.0,0.0,
100111,"Tract 10011, BG 1",n/a,0.0,0.0,
208111,"Tract 20811, BG 1",n/a,0.0,0.0,
2012,"Tract 201, BG 2",n/a,0.0,0.0,
170523,"Tract 17052, BG 3",n/a,0.0,0.0,
202081,"Tract 20208, BG 1",n/a,0.0,0.0,
215012,"Tract 21501, BG 2",n/a,0.0,0.0,
33052,"Tract 3305, BG 2",n/a,0.0,0.0,
11003,"Tract 1100, BG 3",n/a,0.0,0.0,
83372,"Tract 8337, BG 2",n/a,0.0,0.0,
133192,"Tract 13319, BG 2",n/a,0.0,0.0,
133093,"Tract 13309, BG 3",n/a,0.0,0.0,
170551,"Tract 17055, BG 1",n/a,0.0,0.0,
83061,"Tract 8306, BG 1",n/a,0.0,0.0,
175011,"Tract 17501, BG 1",n/a,0.0,0.0,
201103,"Tract 20110, BG 3",n/a,0.0,0.0,
85042,"Tract 8504, BG 2",n/a,0.0,0.0,
170582,"Tract 17058, BG 2",n/a,0.0,0.0,
100054,"Tract 10005, BG 4",n/a,0.0,0.0,
83652,"Tract 8365, BG 2",n/a,0.0,0.0,
170343,"Tract 17034, BG 3",n/a,0.0,0.0,
82022,"Tract 8202, BG 2",n/a,0.0,0.0,
29031,"Tract 2903, BG 1",n/a,0.0,0.0,
128003,"Tract 12800, BG 3",n/a,0.0,0.0,
73041,"Tract 7304, BG 1",n/a,0.0,0.0,
46002,"Tract 4600, BG 2",n/a,0.0,0.0,
156013,"Tract 15601, BG 3",n/a,0.0,0.0,
12021,"Tract 1202, BG 1",n/a,0.0,0.0,
58021,"Tract 5802, BG 1",n/a,0.0,0.0,
202141,"Tract 20214, BG 1",n/a,0.0,0.0,
124011,"Tract 12401, BG 1",n/a,0.0,0.0,
170391,"Tract 17039, BG 1",n/a,0.0,0.0,
121022,"Tract 12102, BG 2",n/a,0.0,0.0,
210011,"Tract 21001, BG 1",n/a,0.0,0.0,
139062,"Tract 13906, BG 2",n/a,0.0,0.0,
166173,"Tract 16617, BG 3",n/a,0.0,0.0,
165041,"Tract 16504, BG 1",n/a,0.0,0.0,
100012,"Tract 10001, BG 2",n/a,0.0,0.0,
157041,"Tract 15704, BG 1",n/a,0.0,0.0,
8002,"Tract 800, BG 2",n/a,0.0,0.0,
200311,"Tract 20031, BG 1",n/a,0.0,0.0,
133062,"Tract 13306, BG 2",n/a,0.0,0.0,
140013,"Tract 14001, BG 3",n/a,0.0,0.0,
170652,"Tract 17065, BG 2",n/a,0.0,0.0,
133151,"Tract 13315, BG 1",n/a,0.0,0.0,
170411,"Tract 17041, BG 1",n/a,0.0,0.0,
181012,"Tract 18101, BG 2",n/a,0.0,0.0,
171081,"Tract 17108, BG 1",n/a,0.0,0.0,
75015,"Tract 7501, BG 5",n/a,0.0,0.0,
165045,"Tract 16504, BG 5",n/a,0.0,0.0,
83492,"Tract 8349, BG 2",n/a,0.0,0.0,
186153,"Tract 18615, BG 3",n/a,0.0,0.0,
9012,"Tract 901, BG 2",n/a,0.0,0.0,
117003,"Tract 11700, BG 3",n/a,0.0,0.0,
194041,"Tract 19404, BG 1",n/a,0.0,0.0,
118012,"Tract 11801, BG 2",n/a,0.0,0.0,
92012,"Tract 9201, BG 2",n/a,0.0,0.0,
214011,"Tract 21401, BG 1",n/a,0.0,0.0,
44001,"Tract 4400, BG 1",n/a,0.0,0.0,
170631,"Tract 17063, BG 1",n/a,0.0,0.0,
202093,"Tract 20209, BG 3",n/a,0.0,0.0,
165032,"Tract 16503, BG 2",n/a,0.0,0.0,
170661,"Tract 17066, BG 1",n/a,0.0,0.0,
132042,"Tract 13204, BG 2",n/a,0.0,0.0,
10004,"Tract 1000, BG 4",n/a,0.0,0.0,
133095,"Tract 13309, BG 5",n/a,0.0,0.0,
192091,"Tract 19209, BG 1",n/a,0.0,0.0,
200355,"Tract 20035, BG 5",n/a,0.0,0.0,
185252,"Tract 18525, BG 2",n/a,0.0,0.0,
32142,"Tract 3214, BG 2",n/a,0.0,0.0,
167031,"Tract 16703, BG 1",n/a,0.0,0.0,
73021,"Tract 7302, BG 1",n/a,0.0,0.0,
185042,"Tract 18504, BG 2",n/a,0.0,0.0,
171092,"Tract 17109, BG 2",n/a,0.0,0.0,
213051,"Tract 21305, BG 1",n/a,0.0,0.0,
36031,"Tract 3603, BG 1",n/a,0.0,0.0,
170203,"Tract 17020, BG 3",n/a,0.0,0.0,
133071,"Tract 13307, BG 1",n/a,0.0,0.0,
164012,"Tract 16401, BG 2",n/a,0.0,0.0,
83811,"Tract 8381, BG 1",n/a,0.0,0.0,
198032,"Tract 19803, BG 2",n/a,0.0,0.0,
133164,"Tract 13316, BG 4",n/a,0.0,0.0,
33012,"Tract 3301, BG 2",n/a,0.0,0.0,
166191,"Tract 16619, BG 1",n/a,0.0,0.0,
122001,"Tract 12200, BG 1",n/a,0.0,0.0,
83662,"Tract 8366, BG 2",n/a,0.0,0.0,
188012,"Tract 18801, BG 2",n/a,0.0,0.0,
201083,"Tract 20108, BG 3",n/a,0.0,0.0,
171093,"Tract 17109, BG 3",n/a,0.0,0.0,
207063,"Tract 20706, BG 3",n/a,0.0,0.0,
81012,"Tract 8101, BG 2",n/a,0.0,0.0,
83701,"Tract 8370, BG 1",n/a,0.0,0.0,
136072,"Tract 13607, BG 2",n/a,0.0,0.0,
10001,"Tract 1000, BG 1",n/a,0.0,0.0,
104011,"Tract 10401, BG 1",n/a,0.0,0.0,
30042,"Tract 3004, BG 2",n/a,0.0,0.0,
83474,"Tract 8347, BG 4",n/a,0.0,0.0,
101073,"Tract 10107, BG 3",n/a,0.0,0.0,
185182,"Tract 18518, BG 2",n/a,0.0,0.0,
30031,"Tract 3003, BG 1",n/a,0.0,0.0,
27101,"Tract 2710, BG 1",n/a,0.0,0.0,
196011,"Tract 19601, BG 1",n/a,0.0,0.0,
72002,"Tract 7200, BG 2",n/a,0.0,0.0,
189033,"Tract 18903, BG 3",n/a,0.0,0.0,
133211,"Tract 13321, BG 1",n/a,0.0,0.0,
167042,"Tract 16704, BG 2",n/a,0.0,0.0,
96032,"Tract 9603, BG 2",n/a,0.0,0.0,
134121,"Tract 13412, BG 1",n/a,0.0,0.0,
81015,"Tract 8101, BG 5",n/a,0.0,0.0,
203051,"Tract 20305, BG 1",n/a,0.0,0.0,
185153,"Tract 18515, BG 3",n/a,0.0,0.0,
111002,"Tract 11100, BG 2",n/a,0.0,0.0,
102011,"Tract 10201, BG 1",n/a,0.0,0.0,
91034,"Tract 9103, BG 4",n/a,0.0,0.0,
72001,"Tract 7200, BG 1",n/a,0.0,0.0,
83764,"Tract 8376, BG 4",n/a,0.0,0.0,
87012,"Tract 8701, BG 2",n/a,0.0,0.0,
58012,"Tract 5801, BG 2",n/a,0.0,0.0,
134251,"Tract 13425, BG 1",n/a,0.0,0.0,
133173,"Tract 13317, BG 3",n/a,0.0,0.0,
77023,"Tract 7702, BG 3",n/a,0.0,0.0,
148043,"Tract 14804, BG 3",n/a,0.0,0.0,
171091,"Tract 17109, BG 1",n/a,0.0,0.0,
31151,"Tract 3115, BG 1",n/a,0.0,0.0,
100123,"Tract 10012, BG 3",n/a,0.0,0.0,
128002,"Tract 12800, BG 2",n/a,0.0,0.0,
120022,"Tract 12002, BG 2",n/a,0.0,0.0,
86004,"Tract 8600, BG 4",n/a,0.0,0.0,
85053,"Tract 8505, BG 3",n/a,0.0,0.0,
200382,"Tract 20038, BG 2",n/a,0.0,0.0,
3012,"Tract 301, BG 2",n/a,0.0,0.0,
83622,"Tract 8362, BG 2",n/a,0.0,0.0,
83273,"Tract 8327, BG 3",n/a,0.0,0.0,
210022,"Tract 21002, BG 2",n/a,0.0,0.0,
200352,"Tract 20035, BG 2",n/a,0.0,0.0,
204012,"Tract 20401, BG 2",n/a,0.0,0.0,
209041,"Tract 20904, BG 1",n/a,0.0,0.0,
93062,"Tract 9306, BG 2",n/a,0.0,0.0,
29042,"Tract 2904, BG 2",n/a,0.0,0.0,
170502,"Tract 17050, BG 2",n/a,0.0,0.0,
95022,"Tract 9502, BG 2",n/a,0.0,0.0,
189063,"Tract 18906, BG 3",n/a,0.0,0.0,
83642,"Tract 8364, BG 2",n/a,0.0,0.0,
167051,"Tract 16705, BG 1",n/a,0.0,0.0,
187001,"Tract 18700, BG 1",n/a,0.0,0.0,
83502,"Tract 8350, BG 2",n/a,0.0,0.0,
170492,"Tract 17049, BG 2",n/a,0.0,0.0,
185122,"Tract 18512, BG 2",n/a,0.0,0.0,
80032,"Tract 8003, BG 2",n/a,0.0,0.0,
179013,"Tract 17901, BG 3",n/a,0.0,0.0,
203041,"Tract 20304, BG 1",n/a,0.0,0.0,
13021,"Tract 1302, BG 1",n/a,0.0,0.0,
27074,"Tract 2707, BG 4",n/a,0.0,0.0,
85101,"Tract 8510, BG 1",n/a,0.0,0.0,
166142,"Tract 16614, BG 2",n/a,0.0,0.0,
78003,"Tract 7800, BG 3",n/a,0.0,0.0,
168073,"Tract 16807, BG 3",n/a,0.0,0.0,
47001,"Tract 4700, BG 1",n/a,0.0,0.0,
44003,"Tract 4400, BG 3",n/a,0.0,0.0,
135052,"Tract 13505, BG 2",n/a,0.0,0.0,
174061,"Tract 17406, BG 1",n/a,0.0,0.0,
208063,"Tract 20806, BG 3",n/a,0.0,0.0,
83612,"Tract 8361, BG 2",n/a,0.0,0.0,
91021,"Tract 9102, BG 1",n/a,0.0,0.0,
207073,"Tract 20707, BG 3",n/a,0.0,0.0,
199044,"Tract 19904, BG 4",n/a,0.0,0.0,
85032,"Tract 8503, BG 2",n/a,0.0,0.0,
178103,"Tract 17810, BG 3",n/a,0.0,0.0,
120031,"Tract 12003, BG 1",n/a,0.0,0.0,
208011,"Tract 20801, BG 1",n/a,0.0,0.0,
174082,"Tract 17408, BG 2",n/a,0.0,0.0,
32011,"Tract 3201, BG 1",n/a,0.0,0.0,
101105,"Tract 10110, BG 5",n/a,0.0,0.0,
200293,"Tract 20029, BG 3",n/a,0.0,0.0,
160001,"Tract 16000, BG 1",n/a,0.0,0.0,
159024,"Tract 15902, BG 4",n/a,0.0,0.0,
200361,"Tract 20036, BG 1",n/a,0.0,0.0,
207072,"Tract 20707, BG 2",n/a,0.0,0.0,
162012,"Tract 16201, BG 2",n/a,0.0,0.0,
100042,"Tract 10004, BG 2",n/a,0.0,0.0,
204032,"Tract 20403, BG 2",n/a,0.0,0.0,
85045,"Tract 8504, BG 5",n/a,0.0,0.0,
93013,"Tract 9301, BG 3",n/a,0.0,0.0,
79101,"Tract 7910, BG 1",n/a,0.0,0.0,
133251,"Tract 13325, BG 1",n/a,0.0,0.0,
158023,"Tract 15802, BG 3",n/a,0.0,0.0,
75011,"Tract 7501, BG 1",n/a,0.0,0.0,
147022,"Tract 14702, BG 2",n/a,0.0,0.0,
170513,"Tract 17051, BG 3",n/a,0.0,0.0,
123031,"Tract 12303, BG 1",n/a,0.0,0.0,
83311,"Tract 8331, BG 1",n/a,0.0,0.0,
31122,"Tract 3112, BG 2",n/a,0.0,0.0,
26012,"Tract 2601, BG 2",n/a,0.0,0.0,
195022,"Tract 19502, BG 2",n/a,0.0,0.0,
27081,"Tract 2708, BG 1",n/a,0.0,0.0,
198043,"Tract 19804, BG 3",n/a,0.0,0.0,
133203,"Tract 13320, BG 3",n/a,0.0,0.0,
185191,"Tract 18519, BG 1",n/a,0.0,0.0,
73042,"Tract 7304, BG 2",n/a,0.0,0.0,
200291,"Tract 20029, BG 1",n/a,0.0,0.0,
181022,"Tract 18102, BG 2",n/a,0.0,0.0,
51022,"Tract 5102, BG 2",n/a,0.0,0.0,
153011,"Tract 15301, BG 1",n/a,0.0,0.0,
31091,"Tract 3109, BG 1",n/a,0.0,0.0,
29044,"Tract 2904, BG 4",n/a,0.0,0.0,
119023,"Tract 11902, BG 3",n/a,0.0,0.0,
69003,"Tract 6900, BG 3",n/a,0.0,0.0,
170061,"Tract 17006, BG 1",n/a,0.0,0.0,
125012,"Tract 12501, BG 2",n/a,0.0,0.0,
166074,"Tract 16607, BG 4",n/a,0.0,0.0,
124022,"Tract 12402, BG 2",n/a,0.0,0.0,
200281,"Tract 20028, BG 1",n/a,0.0,0.0,
163021,"Tract 16302, BG 1",n/a,0.0,0.0,
105023,"Tract 10502, BG 3",n/a,0.0,0.0,
167053,"Tract 16705, BG 3",n/a,0.0,0.0,
88002,"Tract 8800, BG 2",n/a,0.0,0.0,
83583,"Tract 8358, BG 3",n/a,0.0,0.0,
82012,"Tract 8201, BG 2",n/a,0.0,0.0,
205003,"Tract 20500, BG 3",n/a,0.0,0.0,
168041,"Tract 16804, BG 1",n/a,0.0,0.0,
27021,"Tract 2702, BG 1",n/a,0.0,0.0,
48003,"Tract 4800, BG 3",n/a,0.0,0.0,
56012,"Tract 5601, BG 2",n/a,0.0,0.0,
198113,"Tract 19811, BG 3",n/a,0.0,0.0,
99011,"Tract 9901, BG 1",n/a,0.0,0.0,
104022,"Tract 10402, BG 2",n/a,0.0,0.0,
18011,"Tract 1801, BG 1",n/a,0.0,0.0,
68011,"Tract 6801, BG 1",n/a,0.0,0.0,
31132,"Tract 3113, BG 2",n/a,0.0,0.0,
203121,"Tract 20312, BG 1",n/a,0.0,0.0,
9013,"Tract 901, BG 3",n/a,0.0,0.0,
93074,"Tract 9307, BG 4",n/a,0.0,0.0,
170221,"Tract 17022, BG 1",n/a,0.0,0.0,
202071,"Tract 20207, BG 1",n/a,0.0,0.0,
166073,"Tract 16607, BG 3",n/a,0.0,0.0,
138013,"Tract 13801, BG 3",n/a,0.0,0.0,
207061,"Tract 20706, BG 1",n/a,0.0,0.0,
34012,"Tract 3401, BG 2",n/a,0.0,0.0,
198101,"Tract 19810, BG 1",n/a,0.0,0.0,
1001,"Tract 100, BG 1",n/a,0.0,0.0,
85103,"Tract 8510, BG 3",n/a,0.0,0.0,
156012,"Tract 15601, BG 2",n/a,0.0,0.0,
193033,"Tract 19303, BG 3",n/a,0.0,0.0,
63001,"Tract 6300, BG 1",n/a,0.0,0.0,
155014,"Tract 15501, BG 4",n/a,0.0,0.0,
189061,"Tract 18906, BG 1",n/a,0.0,0.0,
33031,"Tract 3303, BG 1",n/a,0.0,0.0,
133261,"Tract 13326, BG 1",n/a,0.0,0.0,
220001,"Tract 22000, BG 1",n/a,0.0,0.0,
133262,"Tract 13326, BG 2",n/a,0.0,0.0,
31121,"Tract 3112, BG 1",n/a,0.0,0.0,
213022,"Tract 21302, BG 2",n/a,0.0,0.0,
90002,"Tract 9000, BG 2",n/a,0.0,0.0,
170602,"Tract 17060, BG 2",n/a,0.0,0.0,
185172,"Tract 18517, BG 2",n/a,0.0,0.0,
83013,"Tract 8301, BG 3",n/a,0.0,0.0,
168122,"Tract 16812, BG 2",n/a,0.0,0.0,
82011,"Tract 8201, BG 1",n/a,0.0,0.0,
170102,"Tract 17010, BG 2",n/a,0.0,0.0,
93011,"Tract 9301, BG 1",n/a,0.0,0.0,
202133,"Tract 20213, BG 3",n/a,0.0,0.0,
31131,"Tract 3113, BG 1",n/a,0.0,0.0,
83644,"Tract 8364, BG 4",n/a,0.0,0.0,
134141,"Tract 13414, BG 1",n/a,0.0,0.0,
65002,"Tract 6500, BG 2",n/a,0.0,0.0,
212061,"Tract 21206, BG 1",n/a,0.0,0.0,
176051,"Tract 17605, BG 1",n/a,0.0,0.0,
100121,"Tract 10012, BG 1",n/a,0.0,0.0,
28011,"Tract 2801, BG 1",n/a,0.0,0.0,
100094,"Tract 10009, BG 4",n/a,0.0,0.0,
85123,"Tract 8512, BG 3",n/a,0.0,0.0,
204052,"Tract 20405, BG 2",n/a,0.0,0.0,
85132,"Tract 8513, BG 2",n/a,0.0,0.0,
163023,"Tract 16302, BG 3",n/a,0.0,0.0,
124021,"Tract 12402, BG 1",n/a,0.0,0.0,
117004,"Tract 11700, BG 4",n/a,0.0,0.0,
200193,"Tract 20019, BG 3",n/a,0.0,0.0,
170701,"Tract 17070, BG 1",n/a,0.0,0.0,
83063,"Tract 8306, BG 3",n/a,0.0,0.0,
101102,"Tract 10110, BG 2",n/a,0.0,0.0,
33053,"Tract 3305, BG 3",n/a,0.0,0.0,
97044,"Tract 9704, BG 4",n/a,0.0,0.0,
185212,"Tract 18521, BG 2",n/a,0.0,0.0,
192061,"Tract 19206, BG 1",n/a,0.0,0.0,
205002,"Tract 20500, BG 2",n/a,0.0,0.0,
194053,"Tract 19405, BG 3",n/a,0.0,0.0,
188032,"Tract 18803, BG 2",n/a,0.0,0.0,
163011,"Tract 16301, BG 1",n/a,0.0,0.0,
6001,"Tract 600, BG 1",n/a,0.0,0.0,
41021,"Tract 4102, BG 1",n/a,0.0,0.0,
31152,"Tract 3115, BG 2",n/a,0.0,0.0,
136051,"Tract 13605, BG 1",n/a,0.0,0.0,
171132,"Tract 17113, BG 2",n/a,0.0,0.0,
23013,"Tract 2301, BG 3",n/a,0.0,0.0,
102013,"Tract 10201, BG 3",n/a,0.0,0.0,
200211,"Tract 20021, BG 1",n/a,0.0,0.0,
83731,"Tract 8373, BG 1",n/a,0.0,0.0,
98011,"Tract 9801, BG 1",n/a,0.0,0.0,
32085,"Tract 3208, BG 5",n/a,0.0,0.0,
100091,"Tract 10009, BG 1",n/a,0.0,0.0,
103002,"Tract 10300, BG 2",n/a,0.0,0.0,
126001,"Tract 12600, BG 1",n/a,0.0,0.0,
85011,"Tract 8501, BG 1",n/a,0.0,0.0,
133094,"Tract 13309, BG 4",n/a,0.0,0.0,
27031,"Tract 2703, BG 1",n/a,0.0,0.0,
133181,"Tract 13318, BG 1",n/a,0.0,0.0,
31111,"Tract 3111, BG 1",n/a,0.0,0.0,
8004,"Tract 800, BG 4",n/a,0.0,0.0,
152001,"Tract 15200, BG 1",n/a,0.0,0.0,
136042,"Tract 13604, BG 2",n/a,0.0,0.0,
172021,"Tract 17202, BG 1",n/a,0.0,0.0,
54022,"Tract 5402, BG 2",n/a,0.0,0.0,
100103,"Tract 10010, BG 3",n/a,0.0,0.0,
170591,"Tract 17059, BG 1",n/a,0.0,0.0,
198091,"Tract 19809, BG 1",n/a,0.0,0.0,
95061,"Tract 9506, BG 1",n/a,0.0,0.0,
68022,"Tract 6802, BG 2",n/a,0.0,0.0,
100152,"Tract 10015, BG 2",n/a,0.0,0.0,
165023,"Tract 16502, BG 3",n/a,0.0,0.0,
173081,"Tract 17308, BG 1",n/a,0.0,0.0,
83712,"Tract 8371, BG 2",n/a,0.0,0.0,
159011,"Tract 15901, BG 1",n/a,0.0,0.0,
28031,"Tract 2803, BG 1",n/a,0.0,0.0,
154031,"Tract 15403, BG 1",n/a,0.0,0.0,
134243,"Tract 13424, BG 3",n/a,0.0,0.0,
85096,"Tract 8509, BG 6",n/a,0.0,0.0,
171041,"Tract 17104, BG 1",n/a,0.0,0.0,
178014,"Tract 17801, BG 4",n/a,0.0,0.0,
81022,"Tract 8102, BG 2",n/a,0.0,0.0,
36021,"Tract 3602, BG 1",n/a,0.0,0.0,
194042,"Tract 19404, BG 2",n/a,0.0,0.0,
170643,"Tract 17064, BG 3",n/a,0.0,0.0,
170341,"Tract 17034, BG 1",n/a,0.0,0.0,
186011,"Tract 18601, BG 1",n/a,0.0,0.0,
93071,"Tract 9307, BG 1",n/a,0.0,0.0,
170483,"Tract 17048, BG 3",n/a,0.0,0.0,
146013,"Tract 14601, BG 3",n/a,0.0,0.0,
76011,"Tract 7601, BG 1",n/a,0.0,0.0,
39012,"Tract 3901, BG 2",n/a,0.0,0.0,
200322,"Tract 20032, BG 2",n/a,0.0,0.0,
51023,"Tract 5102, BG 3",n/a,0.0,0.0,
83732,"Tract 8373, BG 2",n/a,0.0,0.0,
201111,"Tract 20111, BG 1",n/a,0.0,0.0,
97066,"Tract 9706, BG 6",n/a,0.0,0.0,
212062,"Tract 21206, BG 2",n/a,0.0,0.0,
134222,"Tract 13422, BG 2",n/a,0.0,0.0,
103001,"Tract 10300, BG 1",n/a,0.0,0.0,
80063,"Tract 8006, BG 3",n/a,0.0,0.0,
101101,"Tract 10110, BG 1",n/a,0.0,0.0,
166162,"Tract 16616, BG 2",n/a,0.0,0.0,
83511,"Tract 8351, BG 1",n/a,0.0,0.0,
175012,"Tract 17501, BG 2",n/a,0.0,0.0,
39023,"Tract 3902, BG 3",n/a,0.0,0.0,
97032,"Tract 9703, BG 2",n/a,0.0,0.0,
83463,"Tract 8346, BG 3",n/a,0.0,0.0,
158011,"Tract 15801, BG 1",n/a,0.0,0.0,
202113,"Tract 20211, BG 3",n/a,0.0,0.0,
138022,"Tract 13802, BG 2",n/a,0.0,0.0,
17001,"Tract 1700, BG 1",n/a,0.0,0.0,
135041,"Tract 13504, BG 1",n/a,0.0,0.0,
36022,"Tract 3602, BG 2",n/a,0.0,0.0,
131024,"Tract 13102, BG 4",n/a,0.0,0.0,
200341,"Tract 20034, BG 1",n/a,0.0,0.0,
28032,"Tract 2803, BG 2",n/a,0.0,0.0,
168074,"Tract 16807, BG 4",n/a,0.0,0.0,
173033,"Tract 17303, BG 3",n/a,0.0,0.0,
181023,"Tract 18102, BG 3",n/a,0.0,0.0,
83033,"Tract 8303, BG 3",n/a,0.0,0.0,
200401,"Tract 20040, BG 1",n/a,0.0,0.0,
83242,"Tract 8324, BG 2",n/a,0.0,0.0,
5001,"Tract 500, BG 1",n/a,0.0,0.0,
136011,"Tract 13601, BG 1",n/a,0.0,0.0,
166211,"Tract 16621, BG 1",n/a,0.0,0.0,
208102,"Tract 20810, BG 2",n/a,0.0,0.0,
175013,"Tract 17501, BG 3",n/a,0.0,0.0,
83491,"Tract 8349, BG 1",n/a,0.0,0.0,
178012,"Tract 17801, BG 2",n/a,0.0,0.0,
192063,"Tract 19206, BG 3",n/a,0.0,0.0,
186182,"Tract 18618, BG 2",n/a,0.0,0.0,
83461,"Tract 8346, BG 1",n/a,0.0,0.0,
200262,"Tract 20026, BG 2",n/a,0.0,0.0,
200312,"Tract 20031, BG 2",n/a,0.0,0.0,
183021,"Tract 18302, BG 1",n/a,0.0,0.0,
157051,"Tract 15705, BG 1",n/a,0.0,0.0,
83582,"Tract 8358, BG 2",n/a,0.0,0.0,
166091,"Tract 16609, BG 1",n/a,0.0,0.0,
136043,"Tract 13604, BG 3",n/a,0.0,0.0,
2023,"Tract 202, BG 3",n/a,0.0,0.0,
76022,"Tract 7602, BG 2",n/a,0.0,0.0,
91032,"Tract 9103, BG 2",n/a,0.0,0.0,
95102,"Tract 9510, BG 2",n/a,0.0,0.0,
34043,"Tract 3404, BG 3",n/a,0.0,0.0,
79071,"Tract 7907, BG 1",n/a,0.0,0.0,
100151,"Tract 10015, BG 1",n/a,0.0,0.0,
170402,"Tract 17040, BG 2",n/a,0.0,0.0,
83132,"Tract 8313, BG 2",n/a,0.0,0.0,
9011,"Tract 901, BG 1",n/a,0.0,0.0,
166171,"Tract 16617, BG 1",n/a,0.0,0.0,
195033,"Tract 19503, BG 3",n/a,0.0,0.0,
30034,"Tract 3003, BG 4",n/a,0.0,0.0,
98024,"Tract 9802, BG 4",n/a,0.0,0.0,
154051,"Tract 15405, BG 1",n/a,0.0,0.0,
185223,"Tract 18522, BG 3",n/a,0.0,0.0,
95054,"Tract 9505, BG 4",n/a,0.0,0.0,
162011,"Tract 16201, BG 1",n/a,0.0,0.0,
134011,"Tract 13401, BG 1",n/a,0.0,0.0,
156022,"Tract 15602, BG 2",n/a,0.0,0.0,
170351,"Tract 17035, BG 1",n/a,0.0,0.0,
166081,"Tract 16608, BG 1",n/a,0.0,0.0,
133191,"Tract 13319, BG 1",n/a,0.0,0.0,
138021,"Tract 13802, BG 1",n/a,0.0,0.0,
185202,"Tract 18520, BG 2",n/a,0.0,0.0,
198051,"Tract 19805, BG 1",n/a,0.0,0.0,
27073,"Tract 2707, BG 3",n/a,0.0,0.0,
100093,"Tract 10009, BG 3",n/a,0.0,0.0,
195021,"Tract 19502, BG 1",n/a,0.0,0.0,
83453,"Tract 8345, BG 3",n/a,0.0,0.0,
200302,"Tract 20030, BG 2",n/a,0.0,0.0,
150021,"Tract 15002, BG 1",n/a,0.0,0.0,
100034,"Tract 10003, BG 4",n/a,0.0,0.0,
137021,"Tract 13702, BG 1",n/a,0.0,0.0,
200444,"Tract 20044, BG 4",n/a,0.0,0.0,
27071,"Tract 2707, BG 1",n/a,0.0,0.0,
185151,"Tract 18515, BG 1",n/a,0.0,0.0,
193042,"Tract 19304, BG 2",n/a,0.0,0.0,
131041,"Tract 13104, BG 1",n/a,0.0,0.0,
126002,"Tract 12600, BG 2",n/a,0.0,0.0,
203043,"Tract 20304, BG 3",n/a,0.0,0.0,
93054,"Tract 9305, BG 4",n/a,0.0,0.0,
30012,"Tract 3001, BG 2",n/a,0.0,0.0,
142001,"Tract 14200, BG 1",n/a,0.0,0.0,
170141,"Tract 17014, BG 1",n/a,0.0,0.0,
80061,"Tract 8006, BG 1",n/a,0.0,0.0,
28033,"Tract 2803, BG 3",n/a,0.0,0.0,
170101,"Tract 17010, BG 1",n/a,0.0,0.0,
83602,"Tract 8360, BG 2",n/a,0.0,0.0,
85063,"Tract 8506, BG 3",n/a,0.0,0.0,
185094,"Tract 18509, BG 4",n/a,0.0,0.0,
207062,"Tract 20706, BG 2",n/a,0.0,0.0,
190011,"Tract 19001, BG 1",n/a,0.0,0.0,
32112,"Tract 3211, BG 2",n/a,0.0,0.0,
200152,"Tract 20015, BG 2",n/a,0.0,0.0,
108002,"Tract 10800, BG 2",n/a,0.0,0.0,
186222,"Tract 18622, BG 2",n/a,0.0,0.0,
83103,"Tract 8310, BG 3",n/a,0.0,0.0,
166193,"Tract 16619, BG 3",n/a,0.0,0.0,
134151,"Tract 13415, BG 1",n/a,0.0,0.0,
170662,"Tract 17066, BG 2",n/a,0.0,0.0,
56011,"Tract 5601, BG 1",n/a,0.0,0.0,
83623,"Tract 8362, BG 3",n/a,0.0,0.0,
78004,"Tract 7800, BG 4",n/a,0.0,0.0,
189042,"Tract 18904, BG 2",n/a,0.0,0.0,
76021,"Tract 7602, BG 1",n/a,0.0,0.0,
83561,"Tract 8356, BG 1",n/a,0.0,0.0,
30041,"Tract 3004, BG 1",n/a,0.0,0.0,
32141,"Tract 3214, BG 1",n/a,0.0,0.0,
200253,"Tract 20025, BG 3",n/a,0.0,0.0,
132033,"Tract 13203, BG 3",n/a,0.0,0.0,
83504,"Tract 8350, BG 4",n/a,0.0,0.0,
201112,"Tract 20111, BG 2",n/a,0.0,0.0,
180003,"Tract 18000, BG 3",n/a,0.0,0.0,
83462,"Tract 8346, BG 2",n/a,0.0,0.0,
32081,"Tract 3208, BG 1",n/a,0.0,0.0,
132035,"Tract 13203, BG 5",n/a,0.0,0.0,
173051,"Tract 17305, BG 1",n/a,0.0,0.0,
52011,"Tract 5201, BG 1",n/a,0.0,0.0,
29052,"Tract 2905, BG 2",n/a,0.0,0.0,
200301,"Tract 20030, BG 1",n/a,0.0,0.0,
201101,"Tract 20110, BG 1",n/a,0.0,0.0,
32091,"Tract 3209, BG 1",n/a,0.0,0.0,
119024,"Tract 11902, BG 4",n/a,0.0,0.0,
168101,"Tract 16810, BG 1",n/a,0.0,0.0,
85073,"Tract 8507, BG 3",n/a,0.0,0.0,
11002,"Tract 1100, BG 2",n/a,0.0,0.0,
79083,"Tract 7908, BG 3",n/a,0.0,0.0,
31123,"Tract 3112, BG 3",n/a,0.0,0.0,
166141,"Tract 16614, BG 1",n/a,0.0,0.0,
19003,"Tract 1900, BG 3",n/a,0.0,0.0,
100132,"Tract 10013, BG 2",n/a,0.0,0.0,
83373,"Tract 8337, BG 3",n/a,0.0,0.0,
51021,"Tract 5102, BG 1",n/a,0.0,0.0,
85052,"Tract 8505, BG 2",n/a,0.0,0.0,
201053,"Tract 20105, BG 3",n/a,0.0,0.0,
200432,"Tract 20043, BG 2",n/a,0.0,0.0,
186183,"Tract 18618, BG 3",n/a,0.0,0.0,
170623,"Tract 17062, BG 3",n/a,0.0,0.0,
98023,"Tract 9802, BG 3",n/a,0.0,0.0,
58022,"Tract 5802, BG 2",n/a,0.0,0.0,
42003,"Tract 4200, BG 3",n/a,0.0,0.0,
109001,"Tract 10900, BG 1",n/a,0.0,0.0,
194062,"Tract 19406, BG 2",n/a,0.0,0.0,
137011,"Tract 13701, BG 1",n/a,0.0,0.0,
206012,"Tract 20601, BG 2",n/a,0.0,0.0,
186162,"Tract 18616, BG 2",n/a,0.0,0.0,
147013,"Tract 14701, BG 3",n/a,0.0,0.0,
168062,"Tract 16806, BG 2",n/a,0.0,0.0,
137022,"Tract 13702, BG 2",n/a,0.0,0.0,
85062,"Tract 8506, BG 2",n/a,0.0,0.0,
149011,"Tract 14901, BG 1",n/a,0.0,0.0,
92013,"Tract 9201, BG 3",n/a,0.0,0.0,
26022,"Tract 2602, BG 2",n/a,0.0,0.0,
26011,"Tract 2601, BG 1",n/a,0.0,0.0,
31082,"Tract 3108, BG 2",n/a,0.0,0.0,
83072,"Tract 8307, BG 2",n/a,0.0,0.0,
165031,"Tract 16503, BG 1",n/a,0.0,0.0,
163022,"Tract 16302, BG 2",n/a,0.0,0.0,
172011,"Tract 17201, BG 1",n/a,0.0,0.0,
100133,"Tract 10013, BG 3",n/a,0.0,0.0,
189052,"Tract 18905, BG 2",n/a,0.0,0.0,
131043,"Tract 13104, BG 3",n/a,0.0,0.0,
196021,"Tract 19602, BG 1",n/a,0.0,0.0,
75014,"Tract 7501, BG 4",n/a,0.0,0.0,
174062,"Tract 17406, BG 2",n/a,0.0,0.0,
51031,"Tract 5103, BG 1",n/a,0.0,0.0,
36012,"Tract 3601, BG 2",n/a,0.0,0.0,
170395,"Tract 17039, BG 5",n/a,0.0,0.0,
157061,"Tract 15706, BG 1",n/a,0.0,0.0,
171042,"Tract 17104, BG 2",n/a,0.0,0.0,
193031,"Tract 19303, BG 1",n/a,0.0,0.0,
83101,"Tract 8310, BG 1",n/a,0.0,0.0,
212021,"Tract 21202, BG 1",n/a,0.0,0.0,
145002,"Tract 14500, BG 2",n/a,0.0,0.0,
203081,"Tract 20308, BG 1",n/a,0.0,0.0,
79122,"Tract 7912, BG 2",n/a,0.0,0.0,
101092,"Tract 10109, BG 2",n/a,0.0,0.0,
189031,"Tract 18903, BG 1",n/a,0.0,0.0,
167032,"Tract 16703, BG 2",n/a,0.0,0.0,
195012,"Tract 19501, BG 2",n/a,0.0,0.0,
176032,"Tract 17603, BG 2",n/a,0.0,0.0,
207101,"Tract 20710, BG 1",n/a,0.0,0.0,
188043,"Tract 18804, BG 3",n/a,0.0,0.0,
177013,"Tract 17701, BG 3",n/a,0.0,0.0,
59003,"Tract 5900, BG 3",n/a,0.0,0.0,
98053,"Tract 9805, BG 3",n/a,0.0,0.0,
101062,"Tract 10106, BG 2",n/a,0.0,0.0,
136081,"Tract 13608, BG 1",n/a,0.0,0.0,
196022,"Tract 19602, BG 2",n/a,0.0,0.0,
85095,"Tract 8509, BG 5",n/a,0.0,0.0,
185045,"Tract 18504, BG 5",n/a,0.0,0.0,
49003,"Tract 4900, BG 3",n/a,0.0,0.0,
96022,"Tract 9602, BG 2",n/a,0.0,0.0,
164013,"Tract 16401, BG 3",n/a,0.0,0.0,
140021,"Tract 14002, BG 1",n/a,0.0,0.0,
208131,"Tract 20813, BG 1",n/a,0.0,0.0,
133252,"Tract 13325, BG 2",n/a,0.0,0.0,
170225,"Tract 17022, BG 5",n/a,0.0,0.0,
162013,"Tract 16201, BG 3",n/a,0.0,0.0,
77022,"Tract 7702, BG 2",n/a,0.0,0.0,
133152,"Tract 13315, BG 2",n/a,0.0,0.0,
13011,"Tract 1301, BG 1",n/a,0.0,0.0,
166212,"Tract 16621, BG 2",n/a,0.0,0.0,
32131,"Tract 3213, BG 1",n/a,0.0,0.0,
170403,"Tract 17040, BG 3",n/a,0.0,0.0,
185251,"Tract 18525, BG 1",n/a,0.0,0.0,
166101,"Tract 16610, BG 1",n/a,0.0,0.0,
200333,"Tract 20033, BG 3",n/a,0.0,0.0,
79072,"Tract 7907, BG 2",n/a,0.0,0.0,
85031,"Tract 8503, BG 1",n/a,0.0,0.0,
181011,"Tract 18101, BG 1",n/a,0.0,0.0,
139091,"Tract 13909, BG 1",n/a,0.0,0.0,
168113,"Tract 16811, BG 3",n/a,0.0,0.0,
65001,"Tract 6500, BG 1",n/a,0.0,0.0,
211021,"Tract 21102, BG 1",n/a,0.0,0.0,
101072,"Tract 10107, BG 2",n/a,0.0,0.0,
31012,"Tract 3101, BG 2",n/a,0.0,0.0,
135033,"Tract 13503, BG 3",n/a,0.0,0.0,
201092,"Tract 20109, BG 2",n/a,0.0,0.0,
171131,"Tract 17113, BG 1",n/a,0.0,0.0,
166132,"Tract 16613, BG 2",n/a,0.0,0.0,
200151,"Tract 20015, BG 1",n/a,0.0,0.0,
198092,"Tract 19809, BG 2",n/a,0.0,0.0,
100052,"Tract 10005, BG 2",n/a,0.0,0.0,
136012,"Tract 13601, BG 2",n/a,0.0,0.0,
83452,"Tract 8345, BG 2",n/a,0.0,0.0,
93052,"Tract 9305, BG 2",n/a,0.0,0.0,
133202,"Tract 13320, BG 2",n/a,0.0,0.0,
83692,"Tract 8369, BG 2",n/a,0.0,0.0,
83433,"Tract 8343, BG 3",n/a,0.0,0.0,
198093,"Tract 19809, BG 3",n/a,0.0,0.0,
164031,"Tract 16403, BG 1",n/a,0.0,0.0,
200372,"Tract 20037, BG 2",n/a,0.0,0.0,
171112,"Tract 17111, BG 2",n/a,0.0,0.0,
126003,"Tract 12600, BG 3",n/a,0.0,0.0,
200412,"Tract 20041, BG 2",n/a,0.0,0.0,
203122,"Tract 20312, BG 2",n/a,0.0,0.0,
68023,"Tract 6802, BG 3",n/a,0.0,0.0,
32072,"Tract 3207, BG 2",n/a,0.0,0.0,
85034,"Tract 8503, BG 4",n/a,0.0,0.0,
208132,"Tract 20813, BG 2",n/a,0.0,0.0,
83451,"Tract 8345, BG 1",n/a,0.0,0.0,
168043,"Tract 16804, BG 3",n/a,0.0,0.0,
83111,"Tract 8311, BG 1",n/a,0.0,0.0,
91012,"Tract 9101, BG 2",n/a,0.0,0.0,
24023,"Tract 2402, BG 3",n/a,0.0,0.0,
95101,"Tract 9510, BG 1",n/a,0.0,0.0,
91071,"Tract 9107, BG 1",n/a,0.0,0.0,
170622,"Tract 17062, BG 2",n/a,0.0,0.0,
209044,"Tract 20904, BG 4",n/a,0.0,0.0,
71003,"Tract 7100, BG 3",n/a,0.0,0.0,
137012,"Tract 13701, BG 2",n/a,0.0,0.0,
189041,"Tract 18904, BG 1",n/a,0.0,0.0,
88004,"Tract 8800, BG 4",n/a,0.0,0.0,
83124,"Tract 8312, BG 4",n/a,0.0,0.0,
197024,"Tract 19702, BG 4",n/a,0.0,0.0,
131021,"Tract 13102, BG 1",n/a,0.0,0.0,
83362,"Tract 8336, BG 2",n/a,0.0,0.0,
144002,"Tract 14400, BG 2",n/a,0.0,0.0,
92041,"Tract 9204, BG 1",n/a,0.0,0.0,
20022,"Tract 2002, BG 2",n/a,0.0,0.0,
93012,"Tract 9301, BG 2",n/a,0.0,0.0,
23023,"Tract 2302, BG 3",n/a,0.0,0.0,
27022,"Tract 2702, BG 2",n/a,0.0,0.0,
166172,"Tract 16617, BG 2",n/a,0.0,0.0,
185181,"Tract 18518, BG 1",n/a,0.0,0.0,
202061,"Tract 20206, BG 1",n/a,0.0,0.0,
79113,"Tract 7911, BG 3",n/a,0.0,0.0,
123041,"Tract 12304, BG 1",n/a,0.0,0.0,
197023,"Tract 19702, BG 3",n/a,0.0,0.0,
198081,"Tract 19808, BG 1",n/a,0.0,0.0,
101063,"Tract 10106, BG 3",n/a,0.0,0.0,
154052,"Tract 15405, BG 2",n/a,0.0,0.0,
141011,"Tract 14101, BG 1",n/a,0.0,0.0,
31154,"Tract 3115, BG 4",n/a,0.0,0.0,
157011,"Tract 15701, BG 1",n/a,0.0,0.0,
83793,"Tract 8379, BG 3",n/a,0.0,0.0,
213052,"Tract 21305, BG 2",n/a,0.0,0.0,
179022,"Tract 17902, BG 2",n/a,0.0,0.0,
103003,"Tract 10300, BG 3",n/a,0.0,0.0,
193013,"Tract 19301, BG 3",n/a,0.0,0.0,
200292,"Tract 20029, BG 2",n/a,0.0,0.0,
190014,"Tract 19001, BG 4",n/a,0.0,0.0,
135061,"Tract 13506, BG 1",n/a,0.0,0.0,
85025,"Tract 8502, BG 5",n/a,0.0,0.0,
83702,"Tract 8370, BG 2",n/a,0.0,0.0,
136053,"Tract 13605, BG 3",n/a,0.0,0.0,
83523,"Tract 8352, BG 3",n/a,0.0,0.0,
124012,"Tract 12401, BG 2",n/a,0.0,0.0,
155022,"Tract 15502, BG 2",n/a,0.0,0.0,
170431,"Tract 17043, BG 1",n/a,0.0,0.0,
11001,"Tract 1100, BG 1",n/a,0.0,0.0,
100033,"Tract 10003, BG 3",n/a,0.0,0.0,
185121,"Tract 18512, BG 1",n/a,0.0,0.0,
26014,"Tract 2601, BG 4",n/a,0.0,0.0,
74011,"Tract 7401, BG 1",n/a,0.0,0.0,
8001,"Tract 800, BG 1",n/a,0.0,0.0,
181021,"Tract 18102, BG 1",n/a,0.0,0.0,
139032,"Tract 13903, BG 2",n/a,0.0,0.0,
153023,"Tract 15302, BG 3",n/a,0.0,0.0,
83481,"Tract 8348, BG 1",n/a,0.0,0.0,
212041,"Tract 21204, BG 1",n/a,0.0,0.0,
166092,"Tract 16609, BG 2",n/a,0.0,0.0,
85051,"Tract 8505, BG 1",n/a,0.0,0.0,
16003,"Tract 1600, BG 3",n/a,0.0,0.0,
194051,"Tract 19405, BG 1",n/a,0.0,0.0,
83763,"Tract 8376, BG 3",n/a,0.0,0.0,
170711,"Tract 17071, BG 1",n/a,0.0,0.0,
52023,"Tract 5202, BG 3",n/a,0.0,0.0,
154032,"Tract 15403, BG 2",n/a,0.0,0.0,
97031,"Tract 9703, BG 1",n/a,0.0,0.0,
134231,"Tract 13423, BG 1",n/a,0.0,0.0,
213041,"Tract 21304, BG 1",n/a,0.0,0.0,
168121,"Tract 16812, BG 1",n/a,0.0,0.0,
139071,"Tract 13907, BG 1",n/a,0.0,0.0,
205001,"Tract 20500, BG 1",n/a,0.0,0.0,
188033,"Tract 18803, BG 3",n/a,0.0,0.0,
23011,"Tract 2301, BG 1",n/a,0.0,0.0,
185111,"Tract 18511, BG 1",n/a,0.0,0.0,
174052,"Tract 17405, BG 2",n/a,0.0,0.0,
30011,"Tract 3001, BG 1",n/a,0.0,0.0,
134012,"Tract 13401, BG 2",n/a,0.0,0.0,
27023,"Tract 2702, BG 3",n/a,0.0,0.0,
100134,"Tract 10013, BG 4",n/a,0.0,0.0,
200173,"Tract 20017, BG 3",n/a,0.0,0.0,
170212,"Tract 17021, BG 2",n/a,0.0,0.0,
189051,"Tract 18905, BG 1",n/a,0.0,0.0,
178112,"Tract 17811, BG 2",n/a,0.0,0.0,
204043,"Tract 20404, BG 3",n/a,0.0,0.0,
26021,"Tract 2602, BG 1",n/a,0.0,0.0,
133163,"Tract 13316, BG 3",n/a,0.0,0.0,
70021,"Tract 7002, BG 1",n/a,0.0,0.0,
24011,"Tract 2401, BG 1",n/a,0.0,0.0,
198052,"Tract 19805, BG 2",n/a,0.0,0.0,
202102,"Tract 20210, BG 2",n/a,0.0,0.0,
174081,"Tract 17408, BG 1",n/a,0.0,0.0,
85014,"Tract 8501, BG 4",n/a,0.0,0.0,
166061,"Tract 16606, BG 1",n/a,0.0,0.0,
83721,"Tract 8372, BG 1",n/a,0.0,0.0,
154071,"Tract 15407, BG 1",n/a,0.0,0.0,
176011,"Tract 17601, BG 1",n/a,0.0,0.0,
85092,"Tract 8509, BG 2",n/a,0.0,0.0,
89021,"Tract 8902, BG 1",n/a,0.0,0.0,
81021,"Tract 8102, BG 1",n/a,0.0,0.0,
44004,"Tract 4400, BG 4",n/a,0.0,0.0,
83571,"Tract 8357, BG 1",n/a,0.0,0.0,
200231,"Tract 20023, BG 1",n/a,0.0,0.0,
48002,"Tract 4800, BG 2",n/a,0.0,0.0,
170544,"Tract 17054, BG 4",n/a,0.0,0.0,
170702,"Tract 17070, BG 2",n/a,0.0,0.0,
177012,"Tract 17701, BG 2",n/a,0.0,0.0,
193041,"Tract 19304, BG 1",n/a,0.0,0.0,
178133,"Tract 17813, BG 3",n/a,0.0,0.0,
170362,"Tract 17036, BG 2",n/a,0.0,0.0,
182012,"Tract 18201, BG 2",n/a,0.0,0.0,
170412,"Tract 17041, BG 2",n/a,0.0,0.0,
169021,"Tract 16902, BG 1",n/a,0.0,0.0,
131044,"Tract 13104, BG 4",n/a,0.0,0.0,
151003,"Tract 15100, BG 3",n/a,0.0,0.0,
192062,"Tract 19206, BG 2",n/a,0.0,0.0,
27092,"Tract 2709, BG 2",n/a,0.0,0.0,
29041,"Tract 2904, BG 1",n/a,0.0,0.0,
85102,"Tract 8510, BG 2",n/a,0.0,0.0,
173032,"Tract 17303, BG 2",n/a,0.0,0.0,
97061,"Tract 9706, BG 1",n/a,0.0,0.0,
166071,"Tract 16607, BG 1",n/a,0.0,0.0,
206011,"Tract 20601, BG 1",n/a,0.0,0.0,
28042,"Tract 2804, BG 2",n/a,0.0,0.0,
185203,"Tract 18520, BG 3",n/a,0.0,0.0,
83471,"Tract 8347, BG 1",n/a,0.0,0.0,
98021,"Tract 9802, BG 1",n/a,0.0,0.0,
31031,"Tract 3103, BG 1",n/a,0.0,0.0,
54011,"Tract 5401, BG 1",n/a,0.0,0.0,
85012,"Tract 8501, BG 2",n/a,0.0,0.0,
171062,"Tract 17106, BG 2",n/a,0.0,0.0,
83792,"Tract 8379, BG 2",n/a,0.0,0.0,
106012,"Tract 10601, BG 2",n/a,0.0,0.0,
170484,"Tract 17048, BG 4",n/a,0.0,0.0,
133091,"Tract 13309, BG 1",n/a,0.0,0.0,
170482,"Tract 17048, BG 2",n/a,0.0,0.0,
31052,"Tract 3105, BG 2",n/a,0.0,0.0,
101122,"Tract 10112, BG 2",n/a,0.0,0.0,
134113,"Tract 13411, BG 3",n/a,0.0,0.0,
83531,"Tract 8353, BG 1",n/a,0.0,0.0,
170532,"Tract 17053, BG 2",n/a,0.0,0.0,
168042,"Tract 16804, BG 2",n/a,0.0,0.0,
52022,"Tract 5202, BG 2",n/a,0.0,0.0,
170224,"Tract 17022, BG 4",n/a,0.0,0.0,
170561,"Tract 17056, BG 1",n/a,0.0,0.0,
118011,"Tract 11801, BG 1",n/a,0.0,0.0,
95093,"Tract 9509, BG 3",n/a,0.0,0.0,
173062,"Tract 17306, BG 2",n/a,0.0,0.0,
214022,"Tract 21402, BG 2",n/a,0.0,0.0,
171063,"Tract 17106, BG 3",n/a,0.0,0.0,
166152,"Tract 16615, BG 2",n/a,0.0,0.0,
97064,"Tract 9706, BG 4",n/a,0.0,0.0,
86001,"Tract 8600, BG 1",n/a,0.0,0.0,
178114,"Tract 17811, BG 4",n/a,0.0,0.0,
170444,"Tract 17044, BG 4",n/a,0.0,0.0,
29021,"Tract 2902, BG 1",n/a,0.0,0.0,
85075,"Tract 8507, BG 5",n/a,0.0,0.0,
186133,"Tract 18613, BG 3",n/a,0.0,0.0,
100181,"Tract 10018, BG 1",n/a,0.0,0.0,
135051,"Tract 13505, BG 1",n/a,0.0,0.0,
80021,"Tract 8002, BG 1",n/a,0.0,0.0,
170352,"Tract 17035, BG 2",n/a,0.0,0.0,
133221,"Tract 13322, BG 1",n/a,0.0,0.0,
202063,"Tract 20206, BG 3",n/a,0.0,0.0,
136014,"Tract 13601, BG 4",n/a,0.0,0.0,
191053,"Tract 19105, BG 3",n/a,0.0,0.0,
52021,"Tract 5202, BG 1",n/a,0.0,0.0,
6002,"Tract 600, BG 2",n/a,0.0,0.0,
101071,"Tract 10107, BG 1",n/a,0.0,0.0,
15004,"Tract 1500, BG 4",n/a,0.0,0.0,
213062,"Tract 21306, BG 2",n/a,0.0,0.0,
185123,"Tract 18512, BG 3",n/a,0.0,0.0,
154072,"Tract 15407, BG 2",n/a,0.0,0.0,
24012,"Tract 2401, BG 2",n/a,0.0,0.0,
121021,"Tract 12102, BG 1",n/a,0.0,0.0,
34042,"Tract 3404, BG 2",n/a,0.0,0.0,
170691,"Tract 17069, BG 1",n/a,0.0,0.0,
29032,"Tract 2903, BG 2",n/a,0.0,0.0,
102012,"Tract 10201, BG 2",n/a,0.0,0.0,
119021,"Tract 11902, BG 1",n/a,0.0,0.0,
179012,"Tract 17901, BG 2",n/a,0.0,0.0,
132051,"Tract 13205, BG 1",n/a,0.0,0.0,
89012,"Tract 8901, BG 2",n/a,0.0,0.0,
130003,"Tract 13000, BG 3",n/a,0.0,0.0,
1002,"Tract 100, BG 2",n/a,0.0,0.0,
33032,"Tract 3303, BG 2",n/a,0.0,0.0,
169015,"Tract 16901, BG 5",n/a,0.0,0.0,
198083,"Tract 19808, BG 3",n/a,0.0,0.0,
31081,"Tract 3108, BG 1",n/a,0.0,0.0,
194032,"Tract 19403, BG 2",n/a,0.0,0.0,
100101,"Tract 10010, BG 1",n/a,0.0,0.0,
83633,"Tract 8363, BG 3",n/a,0.0,0.0,
170432,"Tract 17043, BG 2",n/a,0.0,0.0,
111003,"Tract 11100, BG 3",n/a,0.0,0.0,
158021,"Tract 15802, BG 1",n/a,0.0,0.0,
182021,"Tract 18202, BG 1",n/a,0.0,0.0,
203042,"Tract 20304, BG 2",n/a,0.0,0.0,
104021,"Tract 10402, BG 1",n/a,0.0,0.0,
192054,"Tract 19205, BG 4",n/a,0.0,0.0,
185114,"Tract 18511, BG 4",n/a,0.0,0.0,
149023,"Tract 14902, BG 3",n/a,0.0,0.0,
66001,"Tract 6600, BG 1",n/a,0.0,0.0,
130001,"Tract 13000, BG 1",n/a,0.0,0.0,
14003,"Tract 1400, BG 3",n/a,0.0,0.0,
133223,"Tract 13322, BG 3",n/a,0.0,0.0,
212022,"Tract 21202, BG 2",n/a,0.0,0.0,
212053,"Tract 21205, BG 3",n/a,0.0,0.0,
179021,"Tract 17902, BG 1",n/a,0.0,0.0,
207052,"Tract 20705, BG 2",n/a,0.0,0.0,
191092,"Tract 19109, BG 2",n/a,0.0,0.0,
170222,"Tract 17022, BG 2",n/a,0.0,0.0,
177022,"Tract 17702, BG 2",n/a,0.0,0.0,
171064,"Tract 17106, BG 4",n/a,0.0,0.0,
127003,"Tract 12700, BG 3",n/a,0.0,0.0,
168112,"Tract 16811, BG 2",n/a,0.0,0.0,
95041,"Tract 9504, BG 1",n/a,0.0,0.0,
91011,"Tract 9101, BG 1",n/a,0.0,0.0,
200331,"Tract 20033, BG 1",n/a,0.0,0.0,
83601,"Tract 8360, BG 1",n/a,0.0,0.0,
133122,"Tract 13312, BG 2",n/a,0.0,0.0,
79051,"Tract 7905, BG 1",n/a,0.0,0.0,
170671,"Tract 17067, BG 1",n/a,0.0,0.0,
16002,"Tract 1600, BG 2",n/a,0.0,0.0,
131032,"Tract 13103, BG 2",n/a,0.0,0.0,
102022,"Tract 10202, BG 2",n/a,0.0,0.0,
202021,"Tract 20202, BG 1",n/a,0.0,0.0,
12012,"Tract 1201, BG 2",n/a,0.0,0.0,
30032,"Tract 3003, BG 2",n/a,0.0,0.0,
134182,"Tract 13418, BG 2",n/a,0.0,0.0,
42002,"Tract 4200, BG 2",n/a,0.0,0.0,
185222,"Tract 18522, BG 2",n/a,0.0,0.0,
185161,"Tract 18516, BG 1",n/a,0.0,0.0,
174034,"Tract 17403, BG 4",n/a,0.0,0.0,
184002,"Tract 18400, BG 2",n/a,0.0,0.0,
133184,"Tract 13318, BG 4",n/a,0.0,0.0,
91091,"Tract 9109, BG 1",n/a,0.0,0.0,
200263,"Tract 20026, BG 3",n/a,0.0,0.0,
191031,"Tract 19103, BG 1",n/a,0.0,0.0,
129003,"Tract 12900, BG 3",n/a,0.0,0.0,
170552,"Tract 17055, BG 2",n/a,0.0,0.0,
215011,"Tract 21501, BG 1",n/a,0.0,0.0,
133011,"Tract 13301, BG 1",n/a,0.0,0.0,
83514,"Tract 8351, BG 4",n/a,0.0,0.0,
203083,"Tract 20308, BG 3",n/a,0.0,0.0,
200213,"Tract 20021, BG 3",n/a,0.0,0.0,
189054,"Tract 18905, BG 4",n/a,0.0,0.0,
220002,"Tract 22000, BG 2",n/a,0.0,0.0,
145001,"Tract 14500, BG 1",n/a,0.0,0.0,
133021,"Tract 13302, BG 1",n/a,0.0,0.0,
20021,"Tract 2002, BG 1",n/a,0.0,0.0,
202112,"Tract 20211, BG 2",n/a,0.0,0.0,
148052,"Tract 14805, BG 2",n/a,0.0,0.0,
53013,"Tract 5301, BG 3",n/a,0.0,0.0,
13012,"Tract 1301, BG 2",n/a,0.0,0.0,
186121,"Tract 18612, BG 1",n/a,0.0,0.0,
175022,"Tract 17502, BG 2",n/a,0.0,0.0,
33042,"Tract 3304, BG 2",n/a,0.0,0.0,
164033,"Tract 16403, BG 3",n/a,0.0,0.0,
54021,"Tract 5402, BG 1",n/a,0.0,0.0,
83121,"Tract 8312, BG 1",n/a,0.0,0.0,
26023,"Tract 2602, BG 3",n/a,0.0,0.0,
185211,"Tract 18521, BG 1",n/a,0.0,0.0,
83782,"Tract 8378, BG 2",n/a,0.0,0.0,
185093,"Tract 18509, BG 3",n/a,0.0,0.0,
170553,"Tract 17055, BG 3",n/a,0.0,0.0,
134201,"Tract 13420, BG 1",n/a,0.0,0.0,
33041,"Tract 3304, BG 1",n/a,0.0,0.0,
87021,"Tract 8702, BG 1",n/a,0.0,0.0,
32013,"Tract 3201, BG 3",n/a,0.0,0.0,
154061,"Tract 15406, BG 1",n/a,0.0,0.0,
81014,"Tract 8101, BG 4",n/a,0.0,0.0,
35012,"Tract 3501, BG 2",n/a,0.0,0.0,
8003,"Tract 800, BG 3",n/a,0.0,0.0,
200282,"Tract 20028, BG 2",n/a,0.0,0.0,
170361,"Tract 17036, BG 1",n/a,0.0,0.0,
32143,"Tract 3214, BG 3",n/a,0.0,0.0,
83772,"Tract 8377, BG 2",n/a,0.0,0.0,
79081,"Tract 7908, BG 1",n/a,0.0,0.0,
54031,"Tract 5403, BG 1",n/a,0.0,0.0,
91081,"Tract 9108, BG 1",n/a,0.0,0.0,
32071,"Tract 3207, BG 1",n/a,0.0,0.0,
134181,"Tract 13418, BG 1",n/a,0.0,0.0,
136044,"Tract 13604, BG 4",n/a,0.0,0.0,
85071,"Tract 8507, BG 1",n/a,0.0,0.0,
25011,"Tract 2501, BG 1",n/a,0.0,0.0,
139072,"Tract 13907, BG 2",n/a,0.0,0.0,
201051,"Tract 20105, BG 1",n/a,0.0,0.0,
34014,"Tract 3401, BG 4",n/a,0.0,0.0,
200353,"Tract 20035, BG 3",n/a,0.0,0.0,
139063,"Tract 13906, BG 3",n/a,0.0,0.0,
134143,"Tract 13414, BG 3",n/a,0.0,0.0,
101111,"Tract 10111, BG 1",n/a,0.0,0.0,
138012,"Tract 13801, BG 2",n/a,0.0,0.0,
42004,"Tract 4200, BG 4",n/a,0.0,0.0,
166072,"Tract 16607, BG 2",n/a,0.0,0.0,
2011,"Tract 201, BG 1",n/a,0.0,0.0,
133214,"Tract 13321, BG 4",n/a,0.0,0.0,
77024,"Tract 7702, BG 4",n/a,0.0,0.0,
25022,"Tract 2502, BG 2",n/a,0.0,0.0,
207053,"Tract 20705, BG 3",n/a,0.0,0.0,
170633,"Tract 17063, BG 3",n/a,0.0,0.0,
134211,"Tract 13421, BG 1",n/a,0.0,0.0,
206021,"Tract 20602, BG 1",n/a,0.0,0.0,
186211,"Tract 18621, BG 1",n/a,0.0,0.0,
93064,"Tract 9306, BG 4",n/a,0.0,0.0,
34013,"Tract 3401, BG 3",n/a,0.0,0.0,
191033,"Tract 19103, BG 3",n/a,0.0,0.0,
40003,"Tract 4000, BG 3",n/a,0.0,0.0,
83282,"Tract 8328, BG 2",n/a,0.0,0.0,
156021,"Tract 15602, BG 1",n/a,0.0,0.0,
175021,"Tract 17502, BG 1",n/a,0.0,0.0,
188051,"Tract 18805, BG 1",n/a,0.0,0.0,
166062,"Tract 16606, BG 2",n/a,0.0,0.0,
200351,"Tract 20035, BG 1",n/a,0.0,0.0,
200381,"Tract 20038, BG 1",n/a,0.0,0.0,
170651,"Tract 17065, BG 1",n/a,0.0,0.0,
168072,"Tract 16807, BG 2",n/a,0.0,0.0,
29045,"Tract 2904, BG 5",n/a,0.0,0.0,
79112,"Tract 7911, BG 2",n/a,0.0,0.0,
34041,"Tract 3404, BG 1",n/a,0.0,0.0,
169011,"Tract 16901, BG 1",n/a,0.0,0.0,
215022,"Tract 21502, BG 2",n/a,0.0,0.0,
52012,"Tract 5201, BG 2",n/a,0.0,0.0,
170512,"Tract 17051, BG 2",n/a,0.0,0.0,
147021,"Tract 14702, BG 1",n/a,0.0,0.0,
201113,"Tract 20111, BG 3",n/a,0.0,0.0,
172022,"Tract 17202, BG 2",n/a,0.0,0.0,
91041,"Tract 9104, BG 1",n/a,0.0,0.0,
156011,"Tract 15601, BG 1",n/a,0.0,0.0,
186171,"Tract 18617, BG 1",n/a,0.0,0.0,
173052,"Tract 17305, BG 2",n/a,0.0,0.0,
32083,"Tract 3208, BG 3",n/a,0.0,0.0,
192092,"Tract 19209, BG 2",n/a,0.0,0.0,
101121,"Tract 10112, BG 1",n/a,0.0,0.0,
170642,"Tract 17064, BG 2",n/a,0.0,0.0,
27072,"Tract 2707, BG 2",n/a,0.0,0.0,
202142,"Tract 20214, BG 2",n/a,0.0,0.0,
170373,"Tract 17037, BG 3",n/a,0.0,0.0,
182011,"Tract 18201, BG 1",n/a,0.0,0.0,
139082,"Tract 13908, BG 2",n/a,0.0,0.0,
132043,"Tract 13204, BG 3",n/a,0.0,0.0,
182022,"Tract 18202, BG 2",n/a,0.0,0.0,
60001,"Tract 6000, BG 1",n/a,0.0,0.0,
133162,"Tract 13316, BG 2",n/a,0.0,0.0,
125011,"Tract 12501, BG 1",n/a,0.0,0.0,
74021,"Tract 7402, BG 1",n/a,0.0,0.0,
148053,"Tract 14805, BG 3",n/a,0.0,0.0,
167061,"Tract 16706, BG 1",n/a,0.0,0.0,
32092,"Tract 3209, BG 2",n/a,0.0,0.0,
166102,"Tract 16610, BG 2",n/a,0.0,0.0,
214021,"Tract 21402, BG 1",n/a,0.0,0.0,
198031,"Tract 19803, BG 1",n/a,0.0,0.0,
203101,"Tract 20310, BG 1",n/a,0.0,0.0,
177014,"Tract 17701, BG 4",n/a,0.0,0.0,
145003,"Tract 14500, BG 3",n/a,0.0,0.0,
204031,"Tract 20403, BG 1",n/a,0.0,0.0,
199041,"Tract 19904, BG 1",n/a,0.0,0.0,
203112,"Tract 20311, BG 2",n/a,0.0,0.0,
213023,"Tract 21302, BG 3",n/a,0.0,0.0,
210021,"Tract 21002, BG 1",n/a,0.0,0.0,
155013,"Tract 15501, BG 3",n/a,0.0,0.0,
82021,"Tract 8202, BG 1",n/a,0.0,0.0,
83562,"Tract 8356, BG 2",n/a,0.0,0.0,
83651,"Tract 8365, BG 1",n/a,0.0,0.0,
83302,"Tract 8330, BG 2",n/a,0.0,0.0,
87022,"Tract 8702, BG 2",n/a,0.0,0.0,
218001,"Tract 21800, BG 1",n/a,0.0,0.0,
116022,"Tract 11602, BG 2",n/a,0.0,0.0,
83803,"Tract 8380, BG 3",n/a,0.0,0.0,
101074,"Tract 10107, BG 4",n/a,0.0,0.0,
36032,"Tract 3603, BG 2",n/a,0.0,0.0,
152004,"Tract 15200, BG 4",n/a,0.0,0.0,
73032,"Tract 7303, BG 2",n/a,0.0,0.0,
193051,"Tract 19305, BG 1",n/a,0.0,0.0,
134232,"Tract 13423, BG 2",n/a,0.0,0.0,
170392,"Tract 17039, BG 2",n/a,0.0,0.0,
118022,"Tract 11802, BG 2",n/a,0.0,0.0,
176012,"Tract 17601, BG 2",n/a,0.0,0.0,
105011,"Tract 10501, BG 1",n/a,0.0,0.0,
7002,"Tract 700, BG 2",n/a,0.0,0.0,
206022,"Tract 20602, BG 2",n/a,0.0,0.0,
170312,"Tract 17031, BG 2",n/a,0.0,0.0,
78001,"Tract 7800, BG 1",n/a,0.0,0.0,
148042,"Tract 14804, BG 2",n/a,0.0,0.0,
91022,"Tract 9102, BG 2",n/a,0.0,0.0,
203052,"Tract 20305, BG 2",n/a,0.0,0.0,
4004,"Tract 400, BG 4",n/a,0.0,0.0,
83272,"Tract 8327, BG 2",n/a,0.0,0.0,
35022,"Tract 3502, BG 2",n/a,0.0,0.0,
200214,"Tract 20021, BG 4",n/a,0.0,0.0,
196014,"Tract 19601, BG 4",n/a,0.0,0.0,
106011,"Tract 10601, BG 1",n/a,0.0,0.0,
99021,"Tract 9902, BG 1",n/a,0.0,0.0,
151001,"Tract 15100, BG 1",n/a,0.0,0.0,
191081,"Tract 19108, BG 1",n/a,0.0,0.0,
131042,"Tract 13104, BG 2",n/a,0.0,0.0,
96024,"Tract 9602, BG 4",n/a,0.0,0.0,
188034,"Tract 18803, BG 4",n/a,0.0,0.0,
191091,"Tract 19109, BG 1",n/a,0.0,0.0,
200153,"Tract 20015, BG 3",n/a,0.0,0.0,
15002,"Tract 1500, BG 2",n/a,0.0,0.0,
170531,"Tract 17053, BG 1",n/a,0.0,0.0,
23021,"Tract 2302, BG 1",n/a,0.0,0.0,
110002,"Tract 11000, BG 2",n/a,0.0,0.0,
170481,"Tract 17048, BG 1",n/a,0.0,0.0,
146012,"Tract 14601, BG 2",n/a,0.0,0.0,
170461,"Tract 17046, BG 1",n/a,0.0,0.0,
76014,"Tract 7601, BG 4",n/a,0.0,0.0,
85054,"Tract 8505, BG 4",n/a,0.0,0.0,
133171,"Tract 13317, BG 1",n/a,0.0,0.0,
31071,"Tract 3107, BG 1",n/a,0.0,0.0,
219002,"Tract 21900, BG 2",n/a,0.0,0.0,
2024,"Tract 202, BG 4",n/a,0.0,0.0,
207112,"Tract 20711, BG 2",n/a,0.0,0.0,
168071,"Tract 16807, BG 1",n/a,0.0,0.0,
157012,"Tract 15701, BG 2",n/a,0.0,0.0,
170413,"Tract 17041, BG 3",n/a,0.0,0.0,
200232,"Tract 20023, BG 2",n/a,0.0,0.0,
3013,"Tract 301, BG 3",n/a,0.0,0.0,
134213,"Tract 13421, BG 3",n/a,0.0,0.0,
134221,"Tract 13422, BG 1",n/a,0.0,0.0,
166131,"Tract 16613, BG 1",n/a,0.0,0.0,
133212,"Tract 13321, BG 2",n/a,0.0,0.0,
170612,"Tract 17061, BG 2",n/a,0.0,0.0,
7003,"Tract 700, BG 3",n/a,0.0,0.0,
32014,"Tract 3201, BG 4",n/a,0.0,0.0,
209022,"Tract 20902, BG 2",n/a,0.0,0.0,
77013,"Tract 7701, BG 3",n/a,0.0,0.0,
170442,"Tract 17044, BG 2",n/a,0.0,0.0,
72003,"Tract 7200, BG 3",n/a,0.0,0.0,
78002,"Tract 7800, BG 2",n/a,0.0,0.0,
134212,"Tract 13421, BG 2",n/a,0.0,0.0,
170181,"Tract 17018, BG 1",n/a,0.0,0.0,
203131,"Tract 20313, BG 1",n/a,0.0,0.0,
93083,"Tract 9308, BG 3",n/a,0.0,0.0,
185041,"Tract 18504, BG 1",n/a,0.0,0.0,
32082,"Tract 3208, BG 2",n/a,0.0,0.0,
39022,"Tract 3902, BG 2",n/a,0.0,0.0,
167043,"Tract 16704, BG 3",n/a,0.0,0.0,
5003,"Tract 500, BG 3",n/a,0.0,0.0,
98012,"Tract 9801, BG 2",n/a,0.0,0.0,
200354,"Tract 20035, BG 4",n/a,0.0,0.0,
85023,"Tract 8502, BG 3",n/a,0.0,0.0,
211011,"Tract 21101, BG 1",n/a,0.0,0.0,
69002,"Tract 6900, BG 2",n/a,0.0,0.0,
130004,"Tract 13000, BG 4",n/a,0.0,0.0,
35023,"Tract 3502, BG 3",n/a,0.0,0.0,
83742,"Tract 8374, BG 2",n/a,0.0,0.0,
89022,"Tract 8902, BG 2",n/a,0.0,0.0,
198102,"Tract 19810, BG 2",n/a,0.0,0.0,
170592,"Tract 17059, BG 2",n/a,0.0,0.0,
83681,"Tract 8368, BG 1",n/a,0.0,0.0,
148062,"Tract 14806, BG 2",n/a,0.0,0.0,
212042,"Tract 21204, BG 2",n/a,0.0,0.0,
133172,"Tract 13317, BG 2",n/a,0.0,0.0,
100051,"Tract 10005, BG 1",n/a,0.0,0.0,
21002,"Tract 2100, BG 2",n/a,0.0,0.0,
171111,"Tract 17111, BG 1",n/a,0.0,0.0,
21004,"Tract 2100, BG 4",n/a,0.0,0.0,
28034,"Tract 2803, BG 4",n/a,0.0,0.0,
186081,"Tract 18608, BG 1",n/a,0.0,0.0,
126004,"Tract 12600, BG 4",n/a,0.0,0.0,
185092,"Tract 18509, BG 2",n/a,0.0,0.0,
74022,"Tract 7402, BG 2",n/a,0.0,0.0,
165022,"Tract 16502, BG 2",n/a,0.0,0.0,
32132,"Tract 3213, BG 2",n/a,0.0,0.0,
201102,"Tract 20110, BG 2",n/a,0.0,0.0,
213042,"Tract 21304, BG 2",n/a,0.0,0.0,
163013,"Tract 16301, BG 3",n/a,0.0,0.0,
24022,"Tract 2402, BG 2",n/a,0.0,0.0,
97033,"Tract 9703, BG 3",n/a,0.0,0.0,
83361,"Tract 8336, BG 1",n/a,0.0,0.0,
170062,"Tract 17006, BG 2",n/a,0.0,0.0,
133032,"Tract 13303, BG 2",n/a,0.0,0.0,
212052,"Tract 21205, BG 2",n/a,0.0,0.0,
173072,"Tract 17307, BG 2",n/a,0.0,0.0,
27033,"Tract 2703, BG 3",n/a,0.0,0.0,
193032,"Tract 19303, BG 2",n/a,0.0,0.0,
96021,"Tract 9602, BG 1",n/a,0.0,0.0,
195031,"Tract 19503, BG 1",n/a,0.0,0.0,
192052,"Tract 19205, BG 2",n/a,0.0,0.0,
133272,"Tract 13327, BG 2",n/a,0.0,0.0,
118021,"Tract 11802, BG 1",n/a,0.0,0.0,
88003,"Tract 8800, BG 3",n/a,0.0,0.0,
4002,"Tract 400, BG 2",n/a,0.0,0.0,
152003,"Tract 15200, BG 3",n/a,0.0,0.0,
192082,"Tract 19208, BG 2",n/a,0.0,0.0,
22012,"Tract 2201, BG 2",n/a,0.0,0.0,
186202,"Tract 18620, BG 2",n/a,0.0,0.0,
77012,"Tract 7701, BG 2",n/a,0.0,0.0,
39024,"Tract 3902, BG 4",n/a,0.0,0.0,
170311,"Tract 17031, BG 1",n/a,0.0,0.0,
95062,"Tract 9506, BG 2",n/a,0.0,0.0,
178084,"Tract 17808, BG 4",n/a,0.0,0.0,
66002,"Tract 6600, BG 2",n/a,0.0,0.0,
148032,"Tract 14803, BG 2",n/a,0.0,0.0,
155011,"Tract 15501, BG 1",n/a,0.0,0.0,
85131,"Tract 8513, BG 1",n/a,0.0,0.0,
45012,"Tract 4501, BG 2",n/a,0.0,0.0,
121011,"Tract 12101, BG 1",n/a,0.0,0.0,
148041,"Tract 14804, BG 1",n/a,0.0,0.0,
176013,"Tract 17601, BG 3",n/a,0.0,0.0,
12022,"Tract 1202, BG 2",n/a,0.0,0.0,
83611,"Tract 8361, BG 1",n/a,0.0,0.0,
31153,"Tract 3115, BG 3",n/a,0.0,0.0,
211022,"Tract 21102, BG 2",n/a,0.0,0.0,
208101,"Tract 20810, BG 1",n/a,0.0,0.0,
27111,"Tract 2711, BG 1",n/a,0.0,0.0,
203102,"Tract 20310, BG 2",n/a,0.0,0.0,
200422,"Tract 20042, BG 2",n/a,0.0,0.0,
167052,"Tract 16705, BG 2",n/a,0.0,0.0,
86002,"Tract 8600, BG 2",n/a,0.0,0.0,
31013,"Tract 3101, BG 3",n/a,0.0,0.0,
10002,"Tract 1000, BG 2",n/a,0.0,0.0,
192101,"Tract 19210, BG 1",n/a,0.0,0.0,
133183,"Tract 13318, BG 3",n/a,0.0,0.0,
83102,"Tract 8310, BG 2",n/a,0.0,0.0,
192051,"Tract 19205, BG 1",n/a,0.0,0.0,
192102,"Tract 19210, BG 2",n/a,0.0,0.0,
28012,"Tract 2801, BG 2",n/a,0.0,0.0,
117001,"Tract 11700, BG 1",n/a,0.0,0.0,
197011,"Tract 19701, BG 1",n/a,0.0,0.0,
118013,"Tract 11801, BG 3",n/a,0.0,0.0,
144001,"Tract 14400, BG 1",n/a,0.0,0.0,
100041,"Tract 10004, BG 1",n/a,0.0,0.0,
174071,"Tract 17407, BG 1",n/a,0.0,0.0,
175023,"Tract 17502, BG 3",n/a,0.0,0.0,
27123,"Tract 2712, BG 3",n/a,0.0,0.0,
178115,"Tract 17811, BG 5",n/a,0.0,0.0,
168044,"Tract 16804, BG 4",n/a,0.0,0.0,
91082,"Tract 9108, BG 2",n/a,0.0,0.0,
95042,"Tract 9504, BG 2",n/a,0.0,0.0,
216001,"Tract 21600, BG 1",n/a,0.0,0.0,
158024,"Tract 15802, BG 4",n/a,0.0,0.0,
137023,"Tract 13702, BG 3",n/a,0.0,0.0,
140012,"Tract 14001, BG 2",n/a,0.0,0.0,
174033,"Tract 17403, BG 3",n/a,0.0,0.0,
174063,"Tract 17406, BG 3",n/a,0.0,0.0,
138011,"Tract 13801, BG 1",n/a,0.0,0.0,
83762,"Tract 8376, BG 2",n/a,0.0,0.0,
95091,"Tract 9509, BG 1",n/a,0.0,0.0,
185194,"Tract 18519, BG 4",n/a,0.0,0.0,
134123,"Tract 13412, BG 3",n/a,0.0,0.0,
150012,"Tract 15001, BG 2",n/a,0.0,0.0,
166181,"Tract 16618, BG 1",n/a,0.0,0.0,
34032,"Tract 3403, BG 2",n/a,0.0,0.0,
185192,"Tract 18519, BG 2",n/a,0.0,0.0,
83753,"Tract 8375, BG 3",n/a,0.0,0.0,
215023,"Tract 21502, BG 3",n/a,0.0,0.0,
77011,"Tract 7701, BG 1",n/a,0.0,0.0,
131023,"Tract 13102, BG 3",n/a,0.0,0.0,
35021,"Tract 3502, BG 1",n/a,0.0,0.0,
97063,"Tract 9706, BG 3",n/a,0.0,0.0,
168111,"Tract 16811, BG 1",n/a,0.0,0.0,
85104,"Tract 8510, BG 4",n/a,0.0,0.0,
221023,"Tract 22102, BG 3",n/a,0.0,0.0,
185113,"Tract 18511, BG 3",n/a,0.0,0.0,
141022,"Tract 14102, BG 2",n/a,0.0,0.0,
185221,"Tract 18522, BG 1",n/a,0.0,0.0,
74012,"Tract 7401, BG 2",n/a,0.0,0.0,
53012,"Tract 5301, BG 2",n/a,0.0,0.0,
80023,"Tract 8002, BG 3",n/a,0.0,0.0,
83521,"Tract 8352, BG 1",n/a,0.0,0.0,
19001,"Tract 1900, BG 1",n/a,0.0,0.0,
31112,"Tract 3111, BG 2",n/a,0.0,0.0,
41011,"Tract 4101, BG 1",n/a,0.0,0.0,
135042,"Tract 13504, BG 2",n/a,0.0,0.0,
140022,"Tract 14002, BG 2",n/a,0.0,0.0,
27102,"Tract 2710, BG 2",n/a,0.0,0.0,
186201,"Tract 18620, BG 1",n/a,0.0,0.0,
8005,"Tract 800, BG 5",n/a,0.0,0.0,
221024,"Tract 22102, BG 4",n/a,0.0,0.0,
85111,"Tract 8511, BG 1",n/a,0.0,0.0,
200442,"Tract 20044, BG 2",n/a,0.0,0.0,
171121,"Tract 17112, BG 1",n/a,0.0,0.0,
169012,"Tract 16901, BG 2",n/a,0.0,0.0,
170543,"Tract 17054, BG 3",n/a,0.0,0.0,
191103,"Tract 19110, BG 3",n/a,0.0,0.0,
200241,"Tract 20024, BG 1",n/a,0.0,0.0,
206013,"Tract 20601, BG 3",n/a,0.0,0.0,
170092,"Tract 17009, BG 2",n/a,0.0,0.0,
171071,"Tract 17107, BG 1",n/a,0.0,0.0,
170393,"Tract 17039, BG 3",n/a,0.0,0.0,
193012,"Tract 19301, BG 2",n/a,0.0,0.0,
65003,"Tract 6500, BG 3",n/a,0.0,0.0,
146011,"Tract 14601, BG 1",n/a,0.0,0.0,
5002,"Tract 500, BG 2",n/a,0.0,0.0,
167041,"Tract 16704, BG 1",n/a,0.0,0.0,
204011,"Tract 20401, BG 1",n/a,0.0,0.0,
100131,"Tract 10013, BG 1",n/a,0.0,0.0,
31141,"Tract 3114, BG 1",n/a,0.0,0.0,
180002,"Tract 18000, BG 2",n/a,0.0,0.0,
83661,"Tract 8366, BG 1",n/a,0.0,0.0,
39013,"Tract 3901, BG 3",n/a,0.0,0.0,
27091,"Tract 2709, BG 1",n/a,0.0,0.0,
159023,"Tract 15902, BG 3",n/a,0.0,0.0,
178102,"Tract 17810, BG 2",n/a,0.0,0.0,
176052,"Tract 17605, BG 2",n/a,0.0,0.0,
83722,"Tract 8372, BG 2",n/a,0.0,0.0,
208064,"Tract 20806, BG 4",n/a,0.0,0.0,
53022,"Tract 5302, BG 2",n/a,0.0,0.0,
171084,"Tract 17108, BG 4",n/a,0.0,0.0,
202023,"Tract 20202, BG 3",n/a,0.0,0.0,
83522,"Tract 8352, BG 2",n/a,0.0,0.0,
116021,"Tract 11602, BG 1",n/a,0.0,0.0,
200421,"Tract 20042, BG 1",n/a,0.0,0.0,
170473,"Tract 17047, BG 3",n/a,0.0,0.0,
166182,"Tract 16618, BG 2",n/a,0.0,0.0,
202143,"Tract 20214, BG 3",n/a,0.0,0.0,
92014,"Tract 9201, BG 4",n/a,0.0,0.0,
189032,"Tract 18903, BG 2",n/a,0.0,0.0,
170433,"Tract 17043, BG 3",n/a,0.0,0.0,
185201,"Tract 18520, BG 1",n/a,0.0,0.0,
83241,"Tract 8324, BG 1",n/a,0.0,0.0,
17004,"Tract 1700, BG 4",n/a,0.0,0.0,
139051,"Tract 13905, BG 1",n/a,0.0,0.0,
191054,"Tract 19105, BG 4",n/a,0.0,0.0,
184003,"Tract 18400, BG 3",n/a,0.0,0.0,
170182,"Tract 17018, BG 2",n/a,0.0,0.0,
213063,"Tract 21306, BG 3",n/a,0.0,0.0,
83051,"Tract 8305, BG 1",n/a,0.0,0.0,
177015,"Tract 17701, BG 5",n/a,0.0,0.0,
32122,"Tract 3212, BG 2",n/a,0.0,0.0,
98014,"Tract 9801, BG 4",n/a,0.0,0.0,
34033,"Tract 3403, BG 3",n/a,0.0,0.0,
75022,"Tract 7502, BG 2",n/a,0.0,0.0,
202144,"Tract 20214, BG 4",n/a,0.0,0.0,
185102,"Tract 18510, BG 2",n/a,0.0,0.0,
200243,"Tract 20024, BG 3",n/a,0.0,0.0,
208061,"Tract 20806, BG 1",n/a,0.0,0.0,
197021,"Tract 19702, BG 1",n/a,0.0,0.0,
212051,"Tract 21205, BG 1",n/a,0.0,0.0,
134171,"Tract 13417, BG 1",n/a,0.0,0.0,
199052,"Tract 19905, BG 2",n/a,0.0,0.0,
200283,"Tract 20028, BG 3",n/a,0.0,0.0,
185233,"Tract 18523, BG 3",n/a,0.0,0.0,
170331,"Tract 17033, BG 1",n/a,0.0,0.0,
200303,"Tract 20030, BG 3",n/a,0.0,0.0,
54032,"Tract 5403, BG 2",n/a,0.0,0.0,
133233,"Tract 13323, BG 3",n/a,0.0,0.0,
158012,"Tract 15801, BG 2",n/a,0.0,0.0,
139053,"Tract 13905, BG 3",n/a,0.0,0.0,
201094,"Tract 20109, BG 4",n/a,0.0,0.0,
208113,"Tract 20811, BG 3",n/a,0.0,0.0,
80031,"Tract 8003, BG 1",n/a,0.0,0.0,
198042,"Tract 19804, BG 2",n/a,0.0,0.0,
29022,"Tract 2902, BG 2",n/a,0.0,0.0,
95092,"Tract 9509, BG 2",n/a,0.0,0.0,
201061,"Tract 20106, BG 1",n/a,0.0,0.0,
201071,"Tract 20107, BG 1",n/a,0.0,0.0,
74013,"Tract 7401, BG 3",n/a,0.0,0.0,
214012,"Tract 21401, BG 2",n/a,0.0,0.0,
31011,"Tract 3101, BG 1",n/a,0.0,0.0,
191112,"Tract 19111, BG 2",n/a,0.0,0.0,
171083,"Tract 17108, BG 3",n/a,0.0,0.0,
170573,"Tract 17057, BG 3",n/a,0.0,0.0,
186221,"Tract 18622, BG 1",n/a,0.0,0.0,
202092,"Tract 20209, BG 2",n/a,0.0,0.0,
193011,"Tract 19301, BG 1",n/a,0.0,0.0,
95043,"Tract 9504, BG 3",n/a,0.0,0.0,
35011,"Tract 3501, BG 1",n/a,0.0,0.0,
93061,"Tract 9306, BG 1",n/a,0.0,0.0,
86003,"Tract 8600, BG 3",n/a,0.0,0.0,
171061,"Tract 17106, BG 1",n/a,0.0,0.0,
39011,"Tract 3901, BG 1",n/a,0.0,0.0,
97053,"Tract 9705, BG 3",n/a,0.0,0.0,
215013,"Tract 21501, BG 3",n/a,0.0,0.0,
18012,"Tract 1801, BG 2",n/a,0.0,0.0,
116013,"Tract 11601, BG 3",n/a,0.0,0.0,
159022,"Tract 15902, BG 2",n/a,0.0,0.0,
170201,"Tract 17020, BG 1",n/a,0.0,0.0,
89013,"Tract 8901, BG 3",n/a,0.0,0.0,
31033,"Tract 3103, BG 3",n/a,0.0,0.0,
83791,"Tract 8379, BG 1",n/a,0.0,0.0,
171094,"Tract 17109, BG 4",n/a,0.0,0.0,
30033,"Tract 3003, BG 3",n/a,0.0,0.0,
32084,"Tract 3208, BG 4",n/a,0.0,0.0,
192031,"Tract 19203, BG 1",n/a,0.0,0.0,
134183,"Tract 13418, BG 3",n/a,0.0,0.0,
98022,"Tract 9802, BG 2",n/a,0.0,0.0,
195011,"Tract 19501, BG 1",n/a,0.0,0.0,
85021,"Tract 8502, BG 1",n/a,0.0,0.0,
83303,"Tract 8330, BG 3",n/a,0.0,0.0,
83592,"Tract 8359, BG 2",n/a,0.0,0.0,
185044,"Tract 18504, BG 4",n/a,0.0,0.0,
200441,"Tract 20044, BG 1",n/a,0.0,0.0,
100172,"Tract 10017, BG 2",n/a,0.0,0.0,
150011,"Tract 15001, BG 1",n/a,0.0,0.0,
203053,"Tract 20305, BG 3",n/a,0.0,0.0,
81011,"Tract 8101, BG 1",n/a,0.0,0.0,
31113,"Tract 3111, BG 3",n/a,0.0,0.0,
83684,"Tract 8368, BG 4",n/a,0.0,0.0,
100112,"Tract 10011, BG 2",n/a,0.0,0.0,
151004,"Tract 15100, BG 4",n/a,0.0,0.0,
143002,"Tract 14300, BG 2",n/a,0.0,0.0,
83581,"Tract 8358, BG 1",n/a,0.0,0.0,
91023,"Tract 9102, BG 3",n/a,0.0,0.0,
